German,English,Hindi
(ab)fahren,To be translated,अनुवाद किया जाना है
(ab)fliegen,To be translated,अनुवाद किया जाना है
(an-)/(aus)ziehen,To be translated,अनुवाद किया जाना है
(an/aus)gezogen,To be translated,अनुवाद किया जाना है
(aus)tauschen,To be translated,अनुवाद किया जाना है
(fahren,To be translated,अनुवाद किया जाना है
(haben/machen),To be translated,अनुवाद किया जाना है
(hat wollen als Modalverb),To be translated,अनुवाद किया जाना है
(jahr,To be translated,अनुवाद किया जाना है
(sich),To be translated,अनुवाद किया जाना है
(sich) (über),To be translated,अनुवाद किया जाना है
(z. B. Feierabend,To be translated,अनुवाद किया जाना है
(z. B. Infotafel),To be translated,अनुवाद किया जाना है
(z. B. weiter-,To be translated,अनुवाद किया जाना है
-fahren/-gehen/,To be translated,अनुवाद किया जाना है
-laufen/-machen/,To be translated,अनुवाद किया जाना है
-nehmen/-spielen),To be translated,अनुवाद किया जाना है
-nehmen/-werfen),To be translated,अनुवाद किया जाना है
ab,from (time onwards),से (समय)
aber,but,लेकिन
abfahren,to depart,रवाना होना
abgeben,To be translated,अनुवाद किया जाना है
abheben,to withdraw money,पैसे निकालना
abholen,To be translated,अनुवाद किया जाना है
abnehmen,to lose weight,वज़न कम करना
abschließen,To be translated,अनुवाद किया जाना है
abwaschen,to wash dishes,बर्तन धोना
Achtung (Sg.),To be translated,अनुवाद किया जाना है
Achtung!,Watch out!,ध्यान दो!
aktiv,To be translated,अनुवाद किया जाना है
aktuell,To be translated,अनुवाद किया जाना है
all-,To be translated,अनुवाद किया जाना है
allein,To be translated,अनुवाद किया जाना है
Alles Gute,All the best,शुभकामनाएं
alles Gute zum Geburtstag,happy birthday,जन्मदिन मुबारक
Alles klar,Got it,समझ गया
als,To be translated,अनुवाद किया जाना है
also,so / well,तो
alt,old,बूढ़ा / पुराना
am besten,To be translated,अनुवाद किया जाना है
am liebsten,To be translated,अनुवाद किया जाना है
an,at / on (vertical),पर
an sein / aus sein,To be translated,अनुवाद किया जाना है
anbieten,To be translated,अनुवाद किया जाना है
ander-,To be translated,अनुवाद किया जाना है
andere,other / another,दूसरा
anders,different,अलग
anfangen,To be translated,अनुवाद किया जाना है
angeln,to fish,मछली पकड़ना
ankommen,to arrive,पहुँचना
ankreuzen,to tick / check,टिक करना
anmachen,To be translated,अनुवाद किया जाना है
anmelden (sich),To be translated,अनुवाद किया जाना है
anprobieren,to try on,पहनकर देखना
anrufen,to call (phone),फोन करना
ansehen,To be translated,अनुवाद किया जाना है
antworten,to answer,जवाब देना
anziehen,to put on (clothes),पहनना
April,April,अप्रैल
arbeiten,To be translated,अनुवाद किया जाना है
arbeitslos,To be translated,अनुवाद किया जाना है
auch,also / too,भी
auf,on (horizontal),के ऊपर
auf jeden/,To be translated,अनुवाद किया जाना है
auf sein,To be translated,अनुवाद किया जाना है
Auf welcher Seite?,On which page?,कौन से पेज पर?
Auf Wiedersehen,Goodbye,अलविदा
aufgeregt,excited 🤩,उत्साहित
aufhören,to stop,बंद करना
aufmachen,To be translated,अनुवाद किया जाना है
aufpassen,To be translated,अनुवाद किया जाना है
aufregend,To be translated,अनुवाद किया जाना है
aufräumen,to tidy up,व्यवस्थित करना
aufstehen,to get up,उठना
aufwachen,to wake up,जागना
August,August,अगस्त
aus,out of / from (origin),से (बाहर)
ausblasen,to blow out,बुझाना (मोमबत्ती)
auschecken,to check out,चेक आउट करना
ausfüllen,to fill in,भरना
ausgeben,to spend,खर्च करना
ausgehen,To be translated,अनुवाद किया जाना है
ausleihen,to borrow,उधार लेना
ausmachen,To be translated,अनुवाद किया जाना है
auspacken,to unwrap,खोलना (उपहार)
ausruhen (sich),To be translated,अनुवाद किया जाना है
aussehen,to look (appearance),दिखना
aussprechen,To be translated,अनुवाद किया जाना है
aussteigen,To be translated,अनुवाद किया जाना है
austragen,To be translated,अनुवाद किया जाना है
ausziehen,to take off (clothes),उतारना
automatisch,To be translated,अनुवाद किया जाना है
außer,To be translated,अनुवाद किया जाना है
außerdem,To be translated,अनुवाद किया जाना है
außerhalb,To be translated,अनुवाद किया जाना है
backen,to bake,सेंकना
baden,To be translated,अनुवाद किया जाना है
bald,soon,जल्दी
bar,cash (payment),नकद
basteln,to do crafts,हस्तशिल्प
Bauchschmerzen,stomach ache,पेट दर्द
bauen,To be translated,अनुवाद किया जाना है
beantworten,To be translated,अनुवाद किया जाना है
beantworter,To be translated,अनुवाद किया जाना है
beantwortet,To be translated,अनुवाद किया जाना है
bedanken (sich),To be translated,अनुवाद किया जाना है
bedankt,To be translated,अनुवाद किया जाना है
bedeuten,To be translated,अनुवाद किया जाना है
beeilen (sich),to hurry,जल्दी करना
beeilt,To be translated,अनुवाद किया जाना है
beenden,to end / finish,समाप्त करना
beginnen,to begin / start,शुरू करना
begründen,To be translated,अनुवाद किया जाना है
bei,To be translated,अनुवाद किया जाना है
beide,To be translated,अनुवाद किया जाना है
beige,beige,बेज / मटमैला
bekannt,To be translated,अनुवाद किया जाना है
bekommen,to get / receive,प्राप्त करना
bekommt,To be translated,अनुवाद किया जाना है
beliebt,To be translated,अनुवाद किया जाना है
bellen,to bark,भौंकना
benutzen,To be translated,अनुवाद किया जाना है
bequem,To be translated,अनुवाद किया जाना है
beraten,To be translated,अनुवाद किया जाना है
bereitet vor,To be translated,अनुवाद किया जाना है
berichten,To be translated,अनुवाद किया जाना है
Berlin,To be translated,अनुवाद किया जाना है
berufstätig,employed / working,नौकरी वाला
berühmt,To be translated,अनुवाद किया जाना है
beschreiben,To be translated,अनुवाद किया जाना है
beschwert,To be translated,अनुवाद किया जाना है
besetzt,occupied / busy,व्यस्त
besichtigen,To be translated,अनुवाद किया जाना है
besichtigt,To be translated,अनुवाद किया जाना है
besonders,especially,खासकर
besorgt,worried,चिंतित
bestehen,to pass (exam),पास होना
besteht,To be translated,अनुवाद किया जाना है
bestellen,to order,ऑर्डर करना
bestellt,To be translated,अनुवाद किया जाना है
bestätigen,To be translated,अनुवाद किया जाना है
besuchen,To be translated,अनुवाद किया जाना है
besucht,To be translated,अनुवाद किया जाना है
bewerben (sich),To be translated,अनुवाद किया जाना है
bewirbt,To be translated,अनुवाद किया जाना है
bewölkt,cloudy,बादल वाला
bezahlen,to pay,भुगतान करना
billig,To be translated,अनुवाद किया जाना है
bis,until / to,तक
Bis bald,See you soon,जल्दी मिलते हैं
Bis dann!,See you then!,फिर मिलेंगे!
Bis morgen,See you tomorrow,कल मिलते हैं
Bis später,See you later,बाद में मिलते हैं
bisschen,To be translated,अनुवाद किया जाना है
Bitte langsamer!,Please slower!,कृपया धीरे बोलिए!
Bitte schön,You're welcome,कोई बात नहीं
bitten,To be translated,अनुवाद किया जाना है
bitter,bitter,कड़वा
blau,blue 🔵,नीला
bleiben,To be translated,अनुवाद किया जाना है
bleibt,To be translated,अनुवाद किया जाना है
blond,To be translated,अनुवाद किया जाना है
blöd,To be translated,अनुवाद किया जाना है
braten,to fry,तलना
brauchen,to need,ज़रूरत होना
braucht,To be translated,अनुवाद किया जाना है
braun,brown 🟤,भूरा
breit,wide / broad,चौड़ा
bringen,to bring,लाना
bringt,To be translated,अनुवाद किया जाना है
brät,To be translated,अनुवाद किया जाना है
buchen,to book,बुक करना
buchstabieren,To be translated,अनुवाद किया जाना है
bunt,colorful,रंगीन
böse,angry / mad 😠,गुस्सा / नाराज़
bügeln,to iron,इस्त्री करना
chatten,To be translated,अनुवाद किया जाना है
cremefarben,cream colored,क्रीम रंग
da,there / here,वहाँ / यहाँ
da(r) (Bsp. darauf,To be translated,अनुवाद किया जाना है
dabei (sein),To be translated,अनुवाद किया जाना है
damals,To be translated,अनुवाद किया जाना है
danach,after that,उसके बाद
daneben,To be translated,अनुवाद किया जाना है
dankbar,grateful,कृतज्ञ
Danke,Thank you,धन्यवाद
Danke schön,Thank you very much,बहुत धन्यवाद
"Danke, gut","Thanks, good","धन्यवाद, अच्छा"
danken,To be translated,अनुवाद किया जाना है
dann,then,फिर / तब
darüber),To be translated,अनुवाद किया जाना है
das,that / this,यह / वह
das (Fahr)Rad,To be translated,अनुवाद किया जाना है
das Abendessen,dinner,रात का खाना
das Alter,age,उम्र
das Alter (Sg.),To be translated,अनुवाद किया जाना है
das Amt,office / authority,कार्यालय
das Angebot,offer / deal 🏷️,ऑफर
das Aquarium,aquarium,एक्वेरियम
das Arbeitsamt,employment office,रोजगार कार्यालय
das Auge,eye 👁️,आँख
das Ausland (Sg.),To be translated,अनुवाद किया जाना है
das Auto,To be translated,अनुवाद किया जाना है
das Autoabgase,car exhaust,कार का धुआँ
das Baby,baby 👶,शिशु
das Bad,bathroom,बाथरूम
das Badezimmer,bathroom,बाथरूम
das Ballett,ballet,बैले
das Bargeld,cash,नकद
das Bein,leg 🦵,टांग
das Benzin,petrol / gas,पेट्रोल
das Besteck,cutlery 🍴,छुरी-काँटा
das Bett,bed 🛏️,बिस्तर
das Bettlaken,bed sheet,चादर
das Bettzeug,bedding,बिस्तर का सामान
das Bier,beer 🍺,बीयर
das Bild,picture / painting 🖼️,तस्वीर
das Blatt,leaf 🍃,पत्ता
das Blut,blood 🩸,खून
das Boot,boat ⛵,नाव
das Brettspiel,board game,बोर्ड गेम
das Brot,bread,रोटी
das Brötchen,rolls,ब्रेड रोल
das Buch,book 📕,किताब
das Buch lesen,to read a book,किताब पढ़ना
das Bügeleisen,iron,प्रेस
das Büro,office,दफ्तर
das Café,café ☕,कैफ़े
das CO2,CO2,सीओ2
das Dach,roof,छत (बाहर)
das Date,date,डेट
das Datum,date 📅,तारीख
das Denkmal,monument,स्मारक
das Dessert,dessert,डेज़र्ट
das Ding,To be translated,अनुवाद किया जाना है
das Diplom,diploma / degree,डिप्लोमा
das Doppelzimmer,double room,डबल रूम
das Dorf,village 🏘️,गाँव
das E-Book,To be translated,अनुवाद किया जाना है
das Ei,egg,अंडा
das Eichhörnchen,squirrel,गिलहरी
das Einkaufs-,To be translated,अनुवाद किया जाना है
das Einkaufszentrum,shopping mall 🛍️,शॉपिंग मॉल
das Einzelzimmer,single room,सिंगल रूम
das Eis,ice / ice cream,बर्फ / आइसक्रीम
das Eis (Sg.),To be translated,अनुवाद किया जाना है
das Ende,end,अंत
das Enkelkind,grandchild,पोता/पोती / नाती/नातिन
das Erdbeben,earthquake,भूकंप
das Erdgeschoss,ground floor,भूतल
das Essen,to eat,खाना
das Esszimmer,dining room 🍽️,खाने का कमरा
das Etikett,label,लेबल
das Fach,subject,विषय
das Fahrrad,bicycle,साइकिल
das Fahrrad fahren,to ride a bike,साइकिल चलाना
das Fax,fax,फैक्स
das Feld,field,खेत
das Fell,fur,फर / बाल
das Fenster,window 🪟,खिड़की
das Fernsehen,television 📺,टेलीविज़न
das Fest,festival / celebration 🎉,त्योहार
das Festival,To be translated,अनुवाद किया जाना है
das Feuer,fire 🔥,आग
das Feuerwerk,fireworks 🎆,आतिशबाज़ी
das Feuerzeug,lighter,लाइटर
das Fieber,fever 🤒,बुखार
das Fieber (Sg.),To be translated,अनुवाद किया जाना है
das Fitness,fitness,फिटनेस
das Fitnessstudio,gym 🏋️,जिम
das Fleisch (Sg.),To be translated,अनुवाद किया जाना है
das Flugzeug,airplane ✈️,हवाई जहाज़
das Formular,form,फॉर्म
das Foto,photo 📷,फोटो
das Foto machen,to take a photo,फोटो खींचना
das Frühstück,breakfast,नाश्ता
das Frühstück (Sg.),To be translated,अनुवाद किया जाना है
das Frühstücksbuffet,breakfast buffet,नाश्ता बुफे
das Fußballspiel,football match,फुटबॉल मैच
das Gate,gate,गेट
das Gebäude,building,इमारत
das Gefühl,feeling,भावना
das Gegenteil,To be translated,अनुवाद किया जाना है
das Gehalt,salary 💰,वेतन
das Geld (Sg.),To be translated,अनुवाद किया जाना है
das Geld abheben,to withdraw money,पैसे निकालना
das Geld einzahlen,to deposit money,पैसे जमा करना
das Geldautomat,ATM,एटीएम
das Gemälde,painting,पेंटिंग
das Gemüse (Sg.),To be translated,अनुवाद किया जाना है
das Gepäck,luggage / baggage 🧳,सामान
das Gepäck (Sg.),To be translated,अनुवाद किया जाना है
das Gericht,dish,डिश
das Gerät,To be translated,अनुवाद किया जाना है
das Geschenk,gift / present 🎁,उपहार
das Geschirr,dishes / tableware 🍽️,बर्तन
das Geschirr (Sg.),To be translated,अनुवाद किया जाना है
das Geschirrtuch,dish towel,बर्तन पोंछने का कपड़ा
das Geschäft,shop / store 🏪,दुकान
das Gesetz,law,कानून
das Gesicht,face 😊,चेहरा
das Gespräch,conversation (phone),बातचीत
das Getränk,drink / beverage 🥤,पेय
das Gewicht,weight,वज़न
das Gewitter,thunderstorm ⛈️,आँधी-तूफ़ान
das Glas,glass 🥛,गिलास
das Gleis,To be translated,अनुवाद किया जाना है
das Glück,luck / happiness,खुशी / भाग्य
das Glück (Sg.),To be translated,अनुवाद किया जाना है
das GPS,GPS,जीपीएस
das Gramm,gram,ग्राम
das Gras,grass 🌿,घास
das Gymnasium,high school,हाई स्कूल
das Haar,hair,बाल
das Handtuch,towel,तौलिया
das Handy,mobile phone 📱,मोबाइल फोन
das Hauptgericht,main course,मेन कोर्स
das Haus,house 🏠,मकान
das Haustier,pet,पालतू जानवर
das Heft,notebook 📓,कॉपी
das Hemd,shirt 👔,शर्ट
das Herz,heart ❤️,दिल
das Hobby,hobby,शौक
das Hotel,hotel 🏨,होटल
das Hotelzimmer,hotel room,होटल का कमरा
das Huhn,chicken 🐔,मुर्गी
das Hähnchen,chicken,चिकन
das Insekt,insect,कीड़ा
das Instrument,instrument,वाद्य यंत्र
das Interesse,To be translated,अनुवाद किया जाना है
das Internet,internet 🌐,इंटरनेट
das Internet (Sg.),To be translated,अनुवाद किया जाना है
das Interview,To be translated,अनुवाद किया जाना है
das Jahr,year,साल
das Jahrhundert,century,सदी
das Jahrzehnt,decade,दशक
das Kabel,cable,केबल
das Kaninchen,rabbit 🐰,खरगोश
das Karussell,carousel,मेरी गो राउंड
das Kaufhaus,department store 🏬,डिपार्टमेंट स्टोर
das Kilo,kilo,किलो
das Kind,child 👶,बच्चा
das Kinderzimmer,children's room,बच्चों का कमरा
das Kinn,chin,ठुड्डी
das Kino,cinema 🎬,सिनेमा
das Kissen,pillow,तकिया
das Klassenzimmer,classroom,क्लासरूम
das Klavier,piano,पियानो
das Klavier spielen,to play piano,पियानो बजाना
das Kleid,To be translated,अनुवाद किया जाना है
das Kleidungsstück,piece of clothing,कपड़े का टुकड़ा
das Klima,climate,जलवायु
das Klo,toilet (informal),टॉयलेट
das Knie,knee,घुटना
das Konfetti,confetti 🎊,कन्फेट्टी
das Konto,account,खाता
das Konzert,concert,कॉन्सर्ट
das Kostüm,costume,पोशाक
das Krankenhaus,hospital 🏥,अस्पताल
das Krokodil,crocodile 🐊,मगरमच्छ
das Ladegerät,charger 🔌,चार्जर
das Laken,sheet,चादर
das Land,countryside / land,देहात / ज़मीन
das Leben,to live (be alive),जीना
das Licht,To be translated,अनुवाद किया जाना है
das Lied,song,गाना
das Lineal,ruler 📏,स्केल
das Lokal,To be translated,अनुवाद किया जाना है
das Material,material,सामग्री
das Medikament,medication,दवाई
das Meer,sea 🌊,समुद्र
das Meeting,meeting,मीटिंग
das Messer,knife 🔪,चाकू
das Mineral-,To be translated,अनुवाद किया जाना है
das Mineralwasser,mineral water,मिनरल वाटर
das Mittagessen,lunch,दोपहर का खाना
das Mittel,medium (M),मध्यम
das Mobil-,To be translated,अनुवाद किया जाना है
das Motorrad,motorcycle 🏍️,मोटरसाइकिल
das Museum,museum 🏛️,संग्रहालय
das Muster,pattern,पैटर्न
das Mädchen,girl 👧,लड़की
das Notizbuch,notebook 📓,नोटबुक
das Obst,fruit,फल
das Obst (Sg.),To be translated,अनुवाद किया जाना है
das Ohr,ear 👂,कान
das Osterei,Easter egg 🥚,ईस्टर अंडा
das Paar,To be translated,अनुवाद किया जाना है
das Paket,parcel,पार्सल
das Paket verschicken,to send a parcel,पार्सल भेजना
das Papier,paper 📄,कागज़
das Parfüm,perfume,इत्र
Das passt mir (nicht),That fits me (not),यह मुझे फिट है (नहीं)
das Passwort,password 🔐,पासवर्ड
das Pferd,horse 🐴,घोड़ा
das Pflaster,band-aid,बैंड-एड
das Pfund,pound (weight),पाउंड
das Picknick,picnic,पिकनिक
das Plakat,To be translated,अनुवाद किया जाना है
das Plastik,plastic,प्लास्टिक
das Portemonnaie,wallet 👛,बटुआ
das Poster,To be translated,अनुवाद किया जाना है
das Praktikum,To be translated,अनुवाद किया जाना है
das Problem,problem,समस्या
das Problem lösen,to solve a problem,समस्या हल करना
das Produkt,To be translated,अनुवाद किया जाना है
das Programm,To be translated,अनुवाद किया जाना है
das Projekt,project,प्रोजेक्ट
das Publikum,audience,दर्शक
das Putzmittel,cleaning product,सफाई का सामान
das Quiz (Sg.),To be translated,अनुवाद किया जाना है
das Radfahren,cycling,साइकिल चलाना
das Radio,radio 📻,रेडियो
das Rathaus,town hall 🏛️,नगर पालिका
das Recht,right,अधिकार
das Referat,presentation,प्रेजेंटेशन
das Regal,shelf,शेल्फ
das Reh,roe deer,हिरणी
das Reisebüro,To be translated,अनुवाद किया जाना है
das Restaurant,restaurant 🍽️,रेस्तरां
das Rezept,prescription,पर्चा / नुस्खा
das Rind,To be translated,अनुवाद किया जाना है
das Rätsel,To be translated,अनुवाद किया जाना है
das Salz,salt,नमक
das Schach,chess,शतरंज
das Schaf,sheep 🐑,भेड़
das Schaufenster,shop window,दुकान की खिड़की
das Schiff,ship 🚢,जहाज़
das Schild,To be translated,अनुवाद किया जाना है
das Schlafzimmer,bedroom 🛏️,शयनकक्ष
das Schloss,castle 🏰,महल
Das schmeckt gut!,That tastes good!,यह स्वादिष्ट है!
das Schneidebrett,cutting board,कटिंग बोर्ड
das Schwein,pig 🐷,सूअर
das Schwimm-,To be translated,अनुवाद किया जाना है
das Schwimmbad,swimming pool 🏊,स्विमिंग पूल
das Selfie,selfie,सेल्फी
das Semester,semester,सेमेस्टर
das Seminar,seminar,सेमिनार
das Shampoo,shampoo,शैंपू
das Signal,signal 📶,सिग्नल
das Skifahren,skiing,स्कीइंग
das Smartphone,smartphone,स्मार्टफोन
das Sofa,sofa,सोफा
das Solarenergie,solar energy,सौर ऊर्जा
das Sonderangebot,special offer,स्पेशल ऑफर
das Souvenir,souvenir,स्मृति चिह्न
das Sparkonto,savings account,बचत खाता
das Spiel,game,खेल
das Spülmittel,dish soap,बर्तन धोने का साबुन
das Stadion,stadium 🏟️,स्टेडियम
Das steht dir gut!,That looks good on you!,तुम पर यह अच्छा लग रहा है!
das Stipen-,To be translated,अनुवाद किया जाना है
das Stipendium,scholarship,छात्रवृत्ति
das Stockwerk,To be translated,अनुवाद किया जाना है
das Studentenwohnheim,student dormitory,छात्रावास
das Studium,studies (uni),पढ़ाई
das Studium (Sg.),To be translated,अनुवाद किया जाना है
das Stück,piece,टुकड़ा
das T-Shirt,t-shirt 👕,टी-शर्ट
das Tablet,tablet,टैबलेट
das Tal,valley,घाटी
das Taschengeld,To be translated,अनुवाद किया जाना है
das Taschentuch,tissue / handkerchief,रुमाल
das Taxi,taxi 🚕,टैक्सी
das Team,team,टीम
das Telefon,telephone 📞,टेलीफोन
das Tennis,tennis,टेनिस
das Tennis (Sg.),To be translated,अनुवाद किया जाना है
das Theater,theater 🎭,थिएटर
das Thema,To be translated,अनुवाद किया जाना है
das Thermometer,thermometer,थर्मामीटर
das Ticket,ticket,टिकट
das Ticket kaufen,to buy a ticket,टिकट खरीदना
das Tier,animal 🐾,जानवर
das Tor,goal,गोल
das Tor schießen,to score a goal,गोल करना
das Training,training,ट्रेनिंग
das Trinkgeld,tip,टिप
das Verkehrs-,To be translated,अनुवाद किया जाना है
das Verkehrsschild,traffic sign,ट्रैफिक साइन
das Video,video 🎥,वीडियो
das Visum,visa,वीज़ा
das Vorstellungsgespräch,job interview,इंटरव्यू
das Waschbecken,sink (bathroom),वॉशबेसिन
das Wasser,water 💧,पानी
das Wasser (Sg.),To be translated,अनुवाद किया जाना है
das Wasser (Sg.),To be translated,अनुवाद किया जाना है
das Wechselgeld,change (money back),खुल्ले पैसे
das Wetter,weather 🌤️,मौसम
das Wetter (Sg.),To be translated,अनुवाद किया जाना है
Das Wetter ist schlecht,The weather is bad,मौसम खराब है
Das Wetter ist schön,The weather is nice,मौसम अच्छा है
das Wiederhören,goodbye (on phone),फोन पर अलविदा
das WLAN,WiFi 📶,वाई-फाई
das Wochenende,weekend 🗓️,सप्ताहांत
das Wohnzimmer,living room 🛋️,बैठक
das Wort,word,शब्द
das Wörterbuch,dictionary,शब्दकोश
das Zebra,zebra 🦓,ज़ेब्रा
das Zelt,tent,तंबू
das Zentrum,center,केंद्र
das Zeugnis,report card / certificate,रिपोर्ट कार्ड
das Ziel,goal/target,लक्ष्य/गोल
das Zimmer,room 🚪,कमरा
das Zimmer reservieren,to reserve a room,कमरा बुक करना
das Öl,To be translated,अनुवाद किया जाना है
dass,that (conjunction),कि
dauern,to last / take time,समय लगना
de Rentner,To be translated,अनुवाद किया जाना है
den Tisch decken,to set the table,मेज़ लगाना
denken,to think 🤔,सोचना
denn,because / for,क्योंकि
der Abend,evening 🌆,शाम
der Abflug,departure (flight),प्रस्थान
der Abschluss,degree/graduation,डिग्री
der Absender,sender,प्रेषक
der Adler,eagle,ईगल
der Affe,monkey 🐒,बंदर
der Albtraum,nightmare,बुरा सपना
der Alltag,everyday life,रोज़मर्रा की ज़िंदगी
der Anfang,beginning,शुरुआत
der Anruf,phone call,फोन कॉल
der Anruf-,To be translated,अनुवाद किया जाना है
der Anschluss,To be translated,अनुवाद किया जाना है
der Anzug,suit 🤵,सूट
der Apfel,apple,सेब
der Apfelsaft,apple juice 🍎,सेब का जूस
der Apparat,To be translated,अनुवाद किया जाना है
der Appetit,appetite,भूख
der Arbeitsplatz,workplace,कार्यस्थल
der Arm,arm 💪,बाँह
der Artikel,article,लेख
der Arzt,doctor (m) 👨‍⚕️,डॉक्टर (पुरुष)
der Ast,branch,डाल
der Aufsatz,essay,निबंध
der Aufzug,elevator,लिफ्ट
der Ausflug,excursion,पिकनिक
der Ausgang,exit,निकास
der Ausländer,foreigner,विदेशी
der Ausverkauf,sale,सेल
der Ausweis,To be translated,अनुवाद किया जाना है
der Automat,To be translated,अनुवाद किया जाना है
der Autor,author,लेखक
der Autoschlüssel,car key 🚗🔑,कार की चाबी
der Azubi,apprentice,प्रशिक्षु
der Babysitter,To be translated,अनुवाद किया जाना है
der Bach,stream,नाला
der Badeanzug,swimsuit (f) 👙,स्विमसूट
der Bahnhof,train station 🚉,रेलवे स्टेशन
der Bahnsteig,platform,प्लेटफॉर्म
der Balkon,balcony,बालकनी
der Ball,ball,गेंद
der Ballon,balloon 🎈,गुब्बारा
der Bankangestellte,bank employee,बैंक कर्मचारी
der Bart,beard 🧔,दाढ़ी
der Basketball,basketball,बास्केटबॉल
der Bauch,stomach / belly,पेट
der Baum,tree 🌳,पेड़
der Becher,mug / beaker,मग
der Behälter,container,डिब्बा / कंटेनर
der Bekannte,acquaintance (m),परिचित (पुरुष)
der Benutzer,user,उपयोगकर्ता
der Berg,mountain ⛰️,पहाड़
der Beruf,profession / occupation,पेशा
der Bescheid,To be translated,अनुवाद किया जाना है
der Besen,broom,झाड़ू
der Besuch,To be translated,अनुवाद किया जाना है
der Betrag,amount,राशि
der Beutel,pouch / bag,थैली
der Biber,beaver,ऊदबिलाव
der Bildschirm,screen,स्क्रीन
der Bio-Müll,organic waste,जैविक कचरा
der Bleistift,To be translated,अनुवाद किया जाना है
der Blitz,lightning ⚡,बिजली
der Blumenladen,flower shop 💐,फूल की दुकान
der Blutdruck,blood pressure,ब्लड प्रेशर
der Bluttest,blood test,ब्लड टेस्ट
der Boden,floor,फर्श
der Brauch,custom,रिवाज
der Brief,letter ✉️,पत्र
der Briefkasten,mailbox,लेटरबॉक्स
der Bruder,brother 👦,भाई
der Brunnen,fountain,फव्वारा
der Bräutigam,groom 🤵,दूल्हा
der Buchstabe,To be translated,अनुवाद किया जाना है
der Bus,bus 🚌,बस
der Busch,bush,झाड़ी
der Bäcker,baker,बेकर
der Bär,bear 🐻,भालू
der Bürger,citizen,नागरिक
der Cappuccino,cappuccino,कैपुचीनो
der Cent,cent,सेंट
der Champagner,champagne 🍾,शैंपेन
der Chef,boss,बॉस
der Chor,choir,गायक मंडली
der Club,To be translated,अनुवाद किया जाना है
der Computer,computer 💻,कंप्यूटर
der Cousin,cousin (male),चचेरा/ममेरा भाई
der Dachboden,attic,अटारी
der Dachs,badger,बज्जू
der Dank (Sg.),To be translated,अनुवाद किया जाना है
der Daumen,thumb 👍,अंगूठा
der Deckel,lid / cover,ढक्कन
der Delfin,dolphin 🐬,डॉल्फिन
der Dokumentarfilm,documentary,डॉक्यूमेंट्री
der Dom,cathedral,कैथेड्रल
der Donner,thunder,गड़गड़ाहट
der Dozent,lecturer,प्रोफेसर
der Drucker,printer 🖨️,प्रिंटर
der Durst,thirst,प्यास
der Durst (Sing.),To be translated,अनुवाद किया जाना है
der Ehemann,husband,पति
der Ehepartner,To be translated,अनुवाद किया जाना है
der Eimer,bucket,बाल्टी
der Eingang,entrance 🚪,प्रवेश द्वार
der Einkaufswagen,shopping cart 🛒,शॉपिंग ट्रॉली
der Eintritt,To be translated,अनुवाद किया जाना है
der Eiskaffee,iced coffee,आइस्ड कॉफ़ी
der Eistee,iced tea 🧊,आइस्ड टी
der Elefant,elephant 🐘,हाथी
der Ellbogen,elbow,कोहनी
der Empfänger,recipient,प्राप्तकर्ता
der Enkel,grandson,पोता
der Erwachsene,adult,वयस्क
der Esel,donkey,गधा
der Espresso,espresso,एस्प्रेसो
der Esslöffel,tablespoon,बड़ा चम्मच
der Euro,euro,यूरो
der Fahrer,driver,ड्राइवर
der Fahrplan,timetable / schedule,समय-सारणी
der Familien-,To be translated,अनुवाद किया जाना है
der Familienstand,marital status,वैवाहिक स्थिति
der Fan,fan,प्रशंसक
der Fehler,mistake / error,गलती
der Feierabend,end of work day,छुट्टी का समय
der Feiertag,holiday,छुट्टी का दिन
der Fernseher,television 📺,टीवी
der Festtag,holiday / festival day,त्योहार का दिन
der Film,film/movie,फिल्म
der Finger,finger ☝️,उंगली
der Fink,finch,फिंच
der Fisch,fish,मछली
der Flohmarkt,flea market,पुरानी चीज़ों का बाज़ार
der Flug,flight,उड़ान
der Flughafen,airport ✈️,हवाई अड्डा
der Flur,hallway / corridor,गलियारा
der Fluss,river 🏞️,नदी
der Flüchtling,refugee,शरणार्थी
der Flügel,wing,पंख
der Freitag,Friday,शुक्रवार
der Freund,friend (m) / boyfriend,दोस्त / बॉयफ्रेंड
der Freundesliste,friends list,फ्रेंड्स लिस्ट
der Friseur,hairdresser,नाई
der Friseursalon,hair salon,हेयर सैलून
der Frosch,frog 🐸,मेंढक
der Frost,frost,ठंड
der Frühling,spring 🌸,बसंत
der Fuchs,fox 🦊,लोमड़ी
der Fuß,foot 🦶,पैर
der Fußball,football/soccer,फुटबॉल
der Führer,guide,गाइड
der Führer-,To be translated,अनुवाद किया जाना है
der Führerschein,driver's license,ड्राइविंग लाइसेंस
der Garten,garden 🌳,बगीचा
der Gast,guest,मेहमान
der Geburtsort,place of birth,जन्मस्थान
der Geburtstag,birthday 🎂,जन्मदिन
der Geburtstagswunsch,birthday wish,जन्मदिन की शुभकामना
der Geschirrspüler,dishwasher,डिशवॉशर
der Geschmack,taste,स्वाद
der Glück-,To be translated,अनुवाद किया जाना है
der Großvater,grandfather (formal),दादा / नाना
der Gruß,To be translated,अनुवाद किया जाना है
der grüne Tee,green tea 🍃,हरी चाय
der Guide,guide,गाइड
der Gutschein,voucher,वाउचर
der Gürtel,belt,बेल्ट
der Hagel,hail,ओले
der Hahn,rooster 🐓,मुर्गा
der Hai,shark 🦈,शार्क
der Hals,neck / throat,गर्दन / गला
der Hamburger,To be translated,अनुवाद किया जाना है
der Hamster,hamster 🐹,हैम्स्टर
der Handschuh,glove 🧤,दस्ताना
der Hase,hare/rabbit,खरगोश
der Hass,hate,नफरत
der Haushalt,To be translated,अनुवाद किया जाना है
der Hausschlüssel,house key 🏠🔑,घर की चाबी
der Helm,helmet,हेलमेट
der Herbst,autumn / fall 🍂,पतझड़
der Herd,stove,चूल्हा
der Herr,Mr. / Sir,श्रीमान
der Himmel,sky,आसमान
der Himmel (Sg.),To be translated,अनुवाद किया जाना है
der Hirsch,deer 🦌,हिरण
der Hund,dog 🐕,कुत्ता
der Hunger,hunger,भूख
der Hunger (Sg.),To be translated,अनुवाद किया जाना है
der Husten,cough,खाँसी
der Hut,hat 🎩,हैट
der Hügel,hill,पहाड़ी
der Igel,hedgehog,साही
der Imbiss,snack bar / fast food,स्नैक बार
der Jahrestag,anniversary,सालगिरह
der Job,job,नौकरी
der Joghurt,yogurt,दही
der Jugendliche,teenager / youth,किशोर
der Junge,boy 👦,लड़का
der Kaffee,coffee ☕,कॉफ़ी
der Kakao,hot chocolate 🍫,कोको / हॉट चॉकलेट
der Kalender,calendar,कैलेंडर
der Kamm,comb,कंघी
der Kanal,channel,चैनल
der Kassenbon,receipt,रसीद
der Kassenzettel,receipt,रसीद
der Keller,basement / cellar,तहखाना
der Kellner,waiter,वेटर
der Kindergarten,kindergarten,किंडरगार्टन
der Kiosk,To be translated,अनुवाद किया जाना है
der Kleber,glue,गोंद
der Kleiderschrank,wardrobe (clothes),कपड़ों की अलमारी
der Klimaschutz,climate protection,जलवायु संरक्षण
der Klimawandel,climate change,जलवायु परिवर्तन
der Knoblauch,garlic,लहसुन
der Knochen,bone 🦴,हड्डी
der Koch,chef,शेफ
der Kochlöffel,cooking spoon / ladle,कड़छी
der Koffer,suitcase,सूटकेस
der Kollege,colleague (male),सहकर्मी (पुरुष)
der Kommentar,comment,कमेंट
der Kompass,compass,कंपास
der Kontakt,contact,संपर्क
der Kontoauszug,bank statement,खाता विवरण
der Kontostand,account balance,खाता शेष
der Kopf,head,सिर
der Kopfhörer,headphones 🎧,हेडफ़ोन
der Korb,basket 🧺,टोकरी
der Krankenwagen,ambulance,एम्बुलेंस
der Kredit,loan,लोन
der Krimi,crime story,अपराध कहानी
der Kuchen,cake,केक
der Kunde,customer (m),ग्राहक (पुरुष)
der Kurs,course,कोर्स
der Käfer,beetle,भृंग
der Käse,cheese,पनीर
der Käse (Sg.),To be translated,अनुवाद किया जाना है
der Körper,body 🧍,शरीर
der Kühlschrank,refrigerator 🧊,फ्रिज
der Künstler,artist,कलाकार
der Laden,shop / store,दुकान
der Lappen,cloth,कपड़ा
der Laptop,laptop,लैपटॉप
der Lebenslauf,CV / resume 📄,बायोडाटा
der Lehrer,teacher (male),शिक्षक
der Lernstoff,study material,पाठ्यक्रम
der Like,like,लाइक
der Link,To be translated,अनुवाद किया जाना है
der Liter,liter,लीटर
der Lohn,wage / pay,मज़दूरी
der Luchs,lynx,लिंक्स
der Luftballon,balloon,गुब्बारा
der Lärm,noise,शोर
der Löffel,spoon 🥄,चम्मच
der Löwe,lion 🦁,शेर
der Magen,To be translated,अनुवाद किया जाना है
der Mann,man / husband 👨,आदमी / पति
der Mantel,coat 🧥,कोट
der Marder,marten,मार्टन
der Markt,market,बाज़ार
der Marktplatz,market square,मार्केट चौक
der Maulwurf,mole,छछूंदर
der Meister,champion,चैंपियन
der Mensch,To be translated,अनुवाद किया जाना है
der Metzger,butcher,कसाई
der Mitarbeiter,To be translated,अनुवाद किया जाना है
der Mittag,noon / midday 🌞,दोपहर
der Mixer,mixer / blender,मिक्सर
der Moderator,host/presenter,होस्ट
der Moment,To be translated,अनुवाद किया जाना है
der Monat,month,महीना
der Mond,moon 🌙,चाँद
der Morgen,morning 🌅,सुबह
der Motor,To be translated,अनुवाद किया जाना है
der Motorroller,To be translated,अनुवाद किया जाना है
der Mund,mouth 👄,मुँह
der Musiker,musician,संगीतकार
der Müll,rubbish/garbage,कचरा
der Müll (Sg.),To be translated,अनुवाद किया जाना है
der Mülleimer,trash can 🗑️,कूड़ेदान
der Nachbar,neighbor (m),पड़ोसी (पुरुष)
der Nachhilfe,tutoring,ट्यूशन
der Nachmittag,afternoon,दोपहर बाद
der Nachname,last name / surname,उपनाम
der Nachtisch,dessert,मीठा
der Nachttisch,bedside table,बेडसाइड टेबल
der Name,name,नाम
der Nebel,fog 🌫️,कोहरा
der Neffe,nephew,भतीजा / भांजा
der Notarzt,emergency doctor,इमरजेंसी डॉक्टर
der Ofen,oven,ओवन
der Ohrring,earring,बाली
der Onkel,uncle,चाचा / मामा / काका
der Opa,grandpa 👴,दादा / नाना
der Optiker,optician,ऑप्टिशियन
der Orangensaft,orange juice 🍊,संतरे का जूस
der Ordner,folder,फ़ोल्डर
der Ort,To be translated,अनुवाद किया जाना है
der Osterhase,Easter bunny,ईस्टर बनी
der Otter,otter,ऊद
der Papa,dad (informal),पापा
der Papagei,parrot,तोता
der Park,park 🌳,पार्क
der Parkplatz,parking lot 🅿️,पार्किंग
der Partner,partner (m),साथी (पुरुष)
der Pass,passport 🛂,पासपोर्ट
der Passagier,passenger,यात्री
der Passkontrolle,passport control,पासपोर्ट कंट्रोल
der Patient,patient,मरीज
der Personalausweis,ID card,आईडी कार्ड
der Pfeffer,pepper,काली मिर्च
der Pfirsich,peach,आड़ू
der Pilz,mushroom,मशरूम
der Pinguin,penguin 🐧,पेंगुइन
der Plan,plan,योजना
der Platz,square / plaza,चौक
der Podcast,podcast,पॉडकास्ट
der Pokal,trophy,ट्रॉफी
der Politiker,politician,राजनेता
der Preis,price,कीमत
der Prospekt,To be translated,अनुवाद किया जाना है
der Pullover,sweater,स्वेटर
der Puls,pulse,नाड़ी
der Pyjama,pyjamas,पायजामा
der Rabatt,discount,छूट
der Rabe,raven,कौआ
der Radiergummi,eraser,रबड़
der Ranzen,school bag,स्कूल बैग
der Rasen,lawn,लॉन
der Raum,To be translated,अनुवाद किया जाना है
der Regen,rain 🌧️,बारिश
der Regen (Sg.),To be translated,अनुवाद किया जाना है
der Regenbogen,rainbow 🌈,इंद्रधनुष
der Regenschirm,umbrella ☂️,छाता
der Regisseur,director,निर्देशक
der Reifen,To be translated,अनुवाद किया जाना है
der Reis,rice,चावल
der Reis (Sg.),To be translated,अनुवाद किया जाना है
der Reiseführer,To be translated,अनुवाद किया जाना है
der Reisepass,passport,पासपोर्ट
der Rekord,record,रिकॉर्ड
der Rentner,retiree (male),पेंशनभोगी
der Rest,To be translated,अनुवाद किया जाना है
der Rhythmus,rhythm,ताल
der Ring,ring 💍,अंगूठी
der Rock,skirt,स्कर्ट
der Roman,novel,उपन्यास
der Rotwein,red wine 🍷,लाल वाइन
der Rucksack,backpack 🎒,बैकपैक
der Rundgang,To be translated,अनुवाद किया जाना है
der Röntgen,X-ray,एक्स-रे
der Rücken,back,पीठ
der Saft,juice 🧃,जूस
der Salat,salad,सलाद
der Saldo,balance,शेष राशि
der Satz,sentence,वाक्य
der Schal,scarf 🧣,मफलर / गमछा
der Schalter,switch,स्विच
der Schatten,shadow,छाया
der Schauspieler,actor,अभिनेता
der Schein,banknote 💵,नोट
der Schiedsrichter,referee,रेफरी
der Schinken,ham,हैम
der Schirm,To be translated,अनुवाद किया जाना है
der Schlaf,sleep,नींद
der Schluss,To be translated,अनुवाद किया जाना है
der Schlüssel,key 🔑,चाबी
der Schmerz,pain,दर्द
der Schmetterling,butterfly 🦋,तितली
der Schmuck,jewelry 💍,गहने
der Schnee,snow ❄️,बर्फ
der Schnee (Sg.),To be translated,अनुवाद किया जाना है
der Schnupfen,runny nose / cold,नज़ला / सर्दी
der Schrank,cupboard / wardrobe,अलमारी
der Schuh,shoe 👞,जूता
der Schwager,brother-in-law,जीजा/देवर
der Schwamm,sponge,स्पंज
der Schwan,swan,हंस
der Schwanz,tail,पूँछ
der schwarze Tee,black tea,काली चाय
der Schwiegersohn,son-in-law,दामाद
der Schwiegervater,father-in-law,ससुर
der Schwindel,dizziness,चक्कर
der Schüler,pupil (male),छात्र
der See,lake,झील
der Sekt,sparkling wine 🍾,शैम्पेन
der Sender,station,स्टेशन
der Service (Sg.),To be translated,अनुवाद किया जाना है
der Sessel,armchair,आराम कुर्सी
der Sieg,victory,जीत
der Sitzplatz,seat,सीट
der Ski,To be translated,अनुवाद किया जाना है
der Smoothie,smoothie,स्मूथी
der Sohn,son 👦,बेटा
der Sommer,summer ☀️,गर्मी
der Sonnenschein,sunshine,धूप
der Sonnenschirm,sunshade,सनशेड
der Spatz,sparrow,गौरैया
der Spazier-,To be translated,अनुवाद किया जाना है
der Spaziergang,walk,सैर
der Spaß (Sg.),To be translated,अनुवाद किया जाना है
der Specht,woodpecker,कठफोड़वा
der Spiegel,mirror 🪞,आईना
der Spieler,player,खिलाड़ी
der Spielplatz,playground,खेल का मैदान
der Spinat,spinach,पालक
der Sport,sports,खेल
der Sport (Sg.),To be translated,अनुवाद किया जाना है
der Sport treiben,to do sports,खेल करना
der Sportplatz,sports field,खेल का मैदान
der Sportunterricht,PE lesson,शारीरिक शिक्षा
der Staat,state,राज्य
der Stadtführer,city guide,शहर गाइड
der Stadtplan,city map,शहर का नक्शा
der Stamm,trunk,तना
der Star,To be translated,अनुवाद किया जाना है
der Stau,traffic jam,ट्रैफिक जाम
der Staub,dust,धूल
der Staubsauger,vacuum cleaner,वैक्यूम क्लीनर
der Stecker,plug,प्लग
der Stein,stone / rock 🪨,पत्थर
der Stern,star ⭐,तारा
der Stiefel,boot 👢,बूट
der Stiefsohn,stepson,सौतेला बेटा
der Stiefvater,stepfather,सौतेले पिता
der Stift,pen / pencil ✏️,कलम / पेंसिल
der Stock,To be translated,अनुवाद किया जाना है
der Stoff,fabric,कपड़ा
der Storch,stork,सारस
der Strand,beach 🏖️,समुद्र तट
der Streit,argument,झगड़ा
der Stress,stress,तनाव
der Stress (Sg.),To be translated,अनुवाद किया जाना है
der Student,student (male),छात्र (विश्वविद्यालय)
der Stuhl,chair 🪑,कुर्सी
der Stundenplan,timetable,समय-सारणी
der Sturm,storm 🌪️,तूफ़ान
der Supermarkt,supermarket 🛒,सुपरमार्केट
der Swimmingpool,swimming pool,स्विमिंग पूल
der Sänger,singer (male),गायक
der Tag,day,दिन
der Tanz,dance,नृत्य
der Tau,dew,ओस
der Tee,tea 🍵,चाय
der Teelöffel,teaspoon,चाय का चम्मच
der Teich,pond,तालाब
der Teller,plate 🍽️,प्लेट / थाली
der Tempel,temple 🛕,मंदिर
der Teppich,carpet / rug,कालीन
der Termin,appointment,अपॉइंटमेंट
der Termin beim Arzt,doctor's appointment,डॉक्टर का अपॉइंटमेंट
der Test,test,टेस्ट
der Text,text,पाठ
der Tierpark,animal park,जानवर पार्क
der Tiger,tiger 🐅,बाघ
der Tipp,To be translated,अनुवाद किया जाना है
der Tisch,table,मेज़
der Titel,To be translated,अनुवाद किया जाना है
der Toaster,toaster 🍞,टोस्टर
der Topf,pot 🍲,बर्तन / पतीला
der Tourist,To be translated,अनुवाद किया जाना है
der Trainer,coach,कोच
der Traum,dream,सपना
der Turm,tower,टावर
der Umschlag,envelope,लिफाफा
der Umweltschutz,environmental protection,पर्यावरण संरक्षण
der Umzug,To be translated,अनुवाद किया जाना है
der Unfall,accident,दुर्घटना
der Unterricht,class / lesson,पाठ
der Urlaub,vacation / holiday 🏖️,छुट्टी
der Urlaubsort,vacation destination,छुट्टी का स्थान
der Vater,father 👨,पिता
der Verband,bandage,पट्टी
der Verein,To be translated,अनुवाद किया जाना है
der Verkauf,sale,बिक्री
der Verkehr,traffic,ट्रैफ़िक
der Verkehr (Sg.),To be translated,अनुवाद किया जाना है
der Verkäufer,salesman,विक्रेता (पुरुष)
der Vermieter,To be translated,अनुवाद किया जाना है
der Vertrag,contract 📝,अनुबंध
der Verwandte,relative,रिश्तेदार
der Vogel,bird 🐦,पक्षी
der Volleyball,volleyball,वॉलीबॉल
der Vorhang,curtain,पर्दा
der Vormittag,late morning,दोपहर से पहले
der Vorname,first name,पहला नाम
der Vorschlag,To be translated,अनुवाद किया जाना है
der Vortrag,lecture,व्याख्यान
der Wagen,To be translated,अनुवाद किया जाना है
der Wal,whale 🐋,व्हेल
der Wald,forest 🌲,जंगल
der Waschbär,raccoon,रैकून
der Wasserkocher,kettle,केतली
der Wechselkurs,exchange rate,विनिमय दर
der Wecker,alarm clock,अलार्म क्लॉक
der Weg,way/path,रास्ता
der Weihnachtsbaum,Christmas tree,क्रिसमस ट्री
der Weihnachtsmann,Santa Claus 🎅,सांता क्लॉज़
der Wein,To be translated,अनुवाद किया जाना है
der Weißwein,white wine 🥂,सफ़ेद वाइन
der Werbespot,commercial,विज्ञापन
der Wettbewerb,contest,प्रतियोगिता
der Wetterbericht,weather forecast,मौसम पूर्वानुमान
der Wettkampf,competition,प्रतियोगिता
der Wiesel,weasel,नीला
der Wind,wind 💨,हवा
der Windpark,wind farm,पवन ऊर्जा पार्क
der Winter,winter ❄️,सर्दी
der Witz,joke,चुटकुला
der Wochenmarkt,weekly market,साप्ताहिक बाज़ार
der Wolf,wolf 🐺,भेड़िया
der Workshop,workshop,कार्यशाला
der Wunsch,wish,इच्छा
der Wurm,worm,कीड़ा
der Wähler,voter,मतदाता
der Zahn,tooth 🦷,दाँत
der Zahnarzt,dentist 🦷,दंत चिकित्सक
der Zeh,toe,पैर की उंगली
der Zeitplan,schedule,शेड्यूल
der Zeitpunkt,point in time,समय बिंदु
der Zeitraum,time period,समय अवधि
der Zettel,note/paper,नोट/कागज़
der Zins,interest,ब्याज
der Zinsen,interest,ब्याज
der Zirkus,circus,सर्कस
der Zoll,customs,कस्टम
der Zoo,zoo 🦁,चिड़ियाघर
der Zucker,sugar,चीनी
der Zucker (Sg.),To be translated,अनुवाद किया जाना है
der Zug,train 🚆,ट्रेन
der Zuschauer,spectator,दर्शक
der Zwilling,twin,जुड़वां
der/das Blog,To be translated,अनुवाद किया जाना है
der/das Comic,To be translated,अनुवाद किया जाना है
der/das Laptop,To be translated,अनुवाद किया जाना है
der/die,To be translated,अनुवाद किया जाना है
derselbe,the same (m),वही (m)
deshalb,therefore,इसलिए
deutlich,To be translated,अनुवाद किया जाना है
Deutsch,German 🇩🇪,जर्मन
Dezember,December,दिसंबर
dich,you (accusative),तुझे
dick,thick / fat,मोटा
die (E-)Mail,To be translated,अनुवाद किया जाना है
die Abfahrt,departure,प्रस्थान
die Abhebung,withdrawal,निकासी
die Abschlussfeier,graduation ceremony,समापन समारोह
die Abteilung,department,विभाग
die Accessoires,accessories,एक्सेसरीज़
die Adresse,address 📍,पता
die Ahnung,To be translated,अनुवाद किया जाना है
die Akte,file/folder,फ़ाइल
die Allergie,allergy,एलर्जी
die Altstadt,old town,पुराना शहर
die Ameise,ant 🐜,चींटी
die Ampel,traffic light 🚦,ट्रैफ़िक लाइट
die Amsel,blackbird,काली चिड़िया
die Ananas,pineapple,अनानास
die Angst,fear / anxiety,डर / चिंता
die Ankunft,arrival,आगमन
die Anlage,attachment,अटैचमेंट
die Anprobe,trying on,ट्राय करना
die Antwort,answer,जवाब
die Antwort geben,to give an answer,जवाब देना
die Anzeige,ad/classified,विज्ञापन
die Apotheke,pharmacy 💊,दवाखाना
die App,app,ऐप
die Arbeit,To be translated,अनुवाद किया जाना है
die Arbeitslosigkeit,unemployment,बेरोजगारी
die Arbeitszeit,working hours,काम के घंटे
die Armbanduhr,wristwatch,कलाई घड़ी
die Armut,poverty,गरीबी
die Arztpraxis,doctor's office,डॉक्टर का क्लीनिक
die Asyl,asylum,शरण
die Aufführung,performance,प्रदर्शन
die Aufgabe,task / exercise,कार्य
die Aufgabe lösen,to solve the task,कार्य हल करना
die Aufregung,excitement,उत्तेजना
die Augen,eyes 👀,आँखें
die Augenbraue,eyebrow,भौं
die Ausbildung,apprenticeship/training,प्रशिक्षण
die Ausdauer,endurance,सहनशीलता
die Auskunft,information,जानकारी
die Ausrüstung,equipment,उपकरण
die Aussicht,view,नज़ारा
die Ausstellung,exhibition,प्रदर्शनी
die Auswahl,choice / selection,चयन
die Autobahn,To be translated,अनुवाद किया जाना है
die Autorin,author (female),लेखिका
die Badehose,swim trunks (m) 🩲,स्विमिंग शॉर्ट्स
die Badewanne,bathtub 🛁,बाथटब
die Bahn,train / railway,रेल
die Banane,banana,केला
die Band,band,बैंड
die Bank,bank 🏦,बैंक
die Bank (im Park),bench,बेंच
die Bankfiliale,bank branch,बैंक शाखा
die Bankkarte,bank card,बैंक कार्ड
die Barzahlung,cash payment,नकद भुगतान
die Batterie,battery,बैटरी
die Baumwolle,cotton,कपास
die Baustelle,construction site,निर्माण स्थल
die Bedienung,service,सेवा
die Beerdigung,funeral,अंतिम संस्कार
die Beere,berry,बेरी
die Beförderung,promotion,पदोन्नति
die Begeisterung,enthusiasm,उत्साह
die Begrüßung,greeting,अभिवादन
die Behandlung,treatment,उपचार
die Beilage,side dish,साइड डिश
die Bekanntschaft,acquaintance,परिचय
die Beratung,advice,सलाह
die Besprechung,meeting,मीटिंग
die Bestellung,order,ऑर्डर
die Bevölkerung,population,जनसंख्या
die Bewegung,exercise/movement,व्यायाम
die Bewerbung,application,आवेदन
die Beziehung,relationship,रिश्ता
die Bibliothek,library 📚,पुस्तकालय
die Biene,bee 🐝,मधुमक्खी
die Biologie,biology,जीव विज्ञान
die Birne,pear / light bulb,नाशपाती / बल्ब
die Bitte,Please / You're welcome,कृपया
die Blume,flower 🌸,फूल
die Blumen,flowers 💐,फूल
die Bluse,blouse,ब्लाउज़
die Blüte,blossom,फूल
die Bohne,To be translated,अनुवाद किया जाना है
die Bordkarte,boarding pass,बोर्डिंग पास
die Braut,bride 👰,दुल्हन
die Briefmarke,stamp,डाक टिकट
die Brieftasche,wallet,बटुआ
die Brille,glasses 👓,चश्मा
die Brust,chest / breast,छाती / सीना
die Brücke,bridge 🌉,पुल
die Bushaltestelle,bus stop 🚏,बस स्टॉप
die Butter,butter,मक्खन
die Butter (Sg.),To be translated,अनुवाद किया जाना है
die Bäckerei,To be translated,अनुवाद किया जाना है
die Bühne,stage,मंच
die Bürste,brush,ब्रश
die Cafeteria,To be translated,अनुवाद किया जाना है
die CD,CD,सीडी
die Chefin,boss (female),बॉस (महिला)
die Chemie,chemistry,रसायन विज्ञान
die Cola,cola 🥤,कोला
die Cousine,cousin (female),चचेरी/ममेरी बहन
die Creme,cream,क्रीम
die Dame,To be translated,अनुवाद किया जाना है
die Dankbarkeit,gratitude,कृतज्ञता
die Datei,file,फ़ाइल
die Dauer,duration,अवधि
die Deadline,deadline,अंतिम तिथि
die Decke,ceiling,छत (अंदर)
die Dekoration,decoration,सजावट
die Demo,demonstration,प्रदर्शन
die Demokratie,democracy,लोकतंत्र
die Demonstration,demonstration,प्रदर्शन
die Deutschstunde,German lesson,जर्मन की क्लास
die Diagnose,diagnosis,निदान
die Disco,To be translated,अनुवाद किया जाना है
die Diskriminierung,discrimination,भेदभाव
die Diskussion,discussion,चर्चा
die Diät,diet,डाइट
die Dose,can 🥫,डिब्बा / कैन
die Drogerie,drugstore,ड्रगस्टोर
die Dusche,shower 🚿,शॉवर
die Dürre,drought,सूखा
die E-Mail,email 📧,ई-मेल
die E-Mail schreiben,to write an email,ईमेल लिखना
die E-Mail-Adresse,email address,ई-मेल पता
die EC-Karte,debit card,डेबिट कार्ड
die Ecke,corner,कोना
die Ehe,marriage,विवाह
die Ehefrau,wife,पत्नी
die Eifersucht,jealousy,ईर्ष्या
die Eile,hurry,जल्दबाज़ी
die Einbahnstraße,one-way street,एक तरफा सड़क
die Einladung,invitation,निमंत्रण
die Eins,grade 1 (best),पहला नंबर
die Einschreibung,enrollment,नामांकन
die Einweihung,inauguration,उद्घाटन
die Einwohner,inhabitants,निवासी
die Einzahlung,deposit,जमा
die Eltern,parents 👨‍👩,माता-पिता
die Energie,energy,ऊर्जा
die Energie sparen,to save energy,ऊर्जा बचाना
die Englischstunde,English lesson,अंग्रेजी की क्लास
die Enkelin,granddaughter,पोती
die Ente,duck 🦆,बत्तख
die Entfernung,distance,दूरी
die Entscheidung,decision,निर्णय
die Entschuldi-,To be translated,अनुवाद किया जाना है
die Entspannung,relaxation,आराम
die Enttäuschung,disappointment,निराशा
die Entzündung,inflammation,सूजन
die Erdbeere,strawberry,स्ट्रॉबेरी
die Erde,earth / ground 🌍,धरती / ज़मीन
die Erderwärmung,global warming,वैश्विक तापन
die Erfahrung,experience,अनुभव
die Erinnerung,memory/reminder,याददाश्त
die Erkältung,cold (illness) 🤧,सर्दी-जुकाम
die Erlaubnis (Sg.),To be translated,अनुवाद किया जाना है
die Erleichterung,relief,राहत
die Erneuerbare Energie,renewable energy,नवीकरणीय ऊर्जा
die Ernährung,nutrition,पोषण
die Erwartung,expectation,उम्मीद
die Eröffnung,opening,उद्घाटन
die Eule,owl,उल्लू
die Fabrik,factory 🏭,फैक्ट्री
die Fahrkarte,ticket (transport) 🎫,टिकट
die Fahrt,journey/trip,यात्रा
die Fakultät,faculty,संकाय
die Familie,family 👨‍👩‍👧,परिवार
die Fanta,Fanta (orange soda),फैंटा
die Farbe,color,रंग
die Feier,celebration / party,जश्न
die Feierlichkeit,celebration/ceremony,उत्सव
die Ferien,holidays (school),छुट्टियाँ
die Ferien (Pl.),To be translated,अनुवाद किया जाना है
die Fernsehsendung,TV program,टीवी कार्यक्रम
die Firma,company / firm,कंपनी
die Flasche,bottle 🍼,बोतल
die Fledermaus,bat,चमगादड़
die Fleisch,meat,मांस
die Fliege,fly,मक्खी
die Flucht,flight (refugee),शरणार्थी
die Flut,flood,बाढ़
die Flöte,flute,बांसुरी
die Folge,episode,एपिसोड
die Folie,slide,स्लाइड
die Frage,question ❓,सवाल
die Frage stellen,to ask a question,सवाल पूछना
die Frau,woman / wife 👩,महिला / पत्नी
die Freiheit,freedom,स्वतंत्रता
die Freizeit,free time,खाली समय
die Freizeit (Sg.),To be translated,अनुवाद किया जाना है
die Freizeitaktivität,leisure activity,खाली समय की गतिविधि
die Freude,joy,खुशी
die Freundin,friend (f) / girlfriend,सहेली / गर्लफ्रेंड
die Freundschaft,friendship,दोस्ती
die Frist,deadline,डेडलाइन
die Frucht,fruit,फल
die Frustration,frustration,निराशा
die Fundsachen,To be translated,अनुवाद किया जाना है
die Fußgängerzone,pedestrian zone,पैदल क्षेत्र
die Führung,guided tour,गाइडेड टूर
die Füße,feet,पैर (दोनों)
die Gabel,fork 🍴,काँटा
die Galerie,gallery,गैलरी
die Garage,garage 🚗,गैरेज
die Garantie,warranty,गारंटी
die Gardine,curtain (net),पर्दा (जाली वाला)
die Gastgeberin,host (f),मेजबान (f)
die Geburtstagsparty,birthday party,जन्मदिन की पार्टी
die Gebühr,fee,शुल्क
die Gegenwart,present,वर्तमान
die Geige,violin,वायलिन
die Gelassenheit,calmness,शांति
die Geldbörse,wallet / purse,पर्स
die Gemüse,vegetables,सब्ज़ियाँ
die Generation,generation,पीढ़ी
die Genesung,recovery,ठीक होना
die Geografie,geography,भूगोल
die Geschenke,gifts,उपहार
die Geschichte,story,कहानी
die Geschwindigkeit,speed,गति
die Geschwindigkeitsbegrenzung,speed limit,गति सीमा
die Geschwister,siblings,भाई-बहन
die Gesellschaft,society,समाज
die Gesundheit,health 🏥,स्वास्थ्य
die Gewohnheit,habit,आदत
die Gewürze,spices,मसाले
die Giraffe,giraffe 🦒,जिराफ
die Gitarre,guitar,गिटार
die Gitarre spielen,to play guitar,गिटार बजाना
die Gleichberechtigung,equality,समानता
die Glückwunschkarte,congratulation card,बधाई कार्ड
die Glühbirne,light bulb,बल्ब
die Grammatik,grammar,व्याकरण
die Grenze,border,सीमा
die Grillparty,barbecue party,बारबेक्यू पार्टी
die Grippe,flu,फ्लू
die Grippe (Sg.),To be translated,अनुवाद किया जाना है
die Großeltern,grandparents,दादा-दादी / नाना-नानी
die Großmutter,grandmother (formal),दादी / नानी
die Gruppe,To be translated,अनुवाद किया जाना है
die Größe,size,साइज़
die Gurke,cucumber,खीरा
die Gäste,guests,मेहमान
die Halle,To be translated,अनुवाद किया जाना है
die Haltestelle,stop (bus/tram),स्टॉप
die Hand,hand ✋,हाथ
die Handlung,plot,कहानी
die Handschuhe,gloves,दस्ताने
die Handtasche,handbag / purse,हैंडबैग
die Hauptspeise,main course,मुख्य पकवान
die Hauptstadt,To be translated,अनुवाद किया जाना है
die Hausarbeit,housework,घरेलू काम
die Hausaufgabe,homework 📝,होमवर्क
die Hausaufgaben,homework,होमवर्क
die Haut,skin,त्वचा / चमड़ी
die Hecke,hedge,बाड़
die Heimat,homeland,मातृभूमि
die Heimat (Sg.),To be translated,अनुवाद किया जाना है
die Heizung,heating,हीटिंग
die Herkunft,origin,मूल
die Hilfe,help,मदद
die Hilfe (Sg.),To be translated,अनुवाद किया जाना है
die Hilfe leisten,to provide help,मदद प्रदान करना
die Hilfsorganisation,aid organization,सहायता संगठन
die Hin- und Rückfahrt,round trip,आना-जाना टिकट
die Hitze,heat,गर्मी
die Hobbys,hobbies,शौक
die Hochschule,college,कॉलेज
die Hochzeit,wedding 💒,शादी
die Hoffnung,hope,उम्मीद
die Homepage,To be translated,अनुवाद किया जाना है
die Hose,trousers / pants 👖,पैंट
die Hygiene,hygiene,स्वच्छता
die Hände,hands,हाथ (दोनों)
die Händedesinfektion,hand disinfection,हाथ की सफाई
die Hüfte,hip,कूल्हा
die Idee,idea,विचार
die Impfung,vaccination,टीका
die Information,information,जानकारी
die Insel,island 🏝️,द्वीप
die Integration,integration,एकीकरण
die Jacke,jacket 🧥,जैकेट
die Jahreszeit,season,मौसम / ऋतु
die Jeans,jeans 👖,जींस
die Jeans (Pl.),To be translated,अनुवाद किया जाना है
die Jugend-,To be translated,अनुवाद किया जाना है
die Kabine,changing room,चेंजिंग रूम
die Kaffeemaschine,coffee machine ☕,कॉफ़ी मशीन
die Kalorie,calorie,कैलोरी
die Kamera,camera 📸,कैमरा
die Kanne,jug / pot,जग / केतली
die Kantine,canteen,कैंटीन
die Karneval,carnival,कार्निवल
die Karotte,carrot,गाजर
die Karriere,career,करियर
die Karte,card 💳,कार्ड
die Karte kaufen,to buy a map,नक्शा खरीदना
die Karte schicken,to send a card,कार्ड भेजना
die Kartoffel,potato,आलू
die Kasse,cash register / checkout,कैश काउंटर
die Katastrophe,catastrophe,आपदा
die Katze,cat 🐈,बिल्ली
die Kellnerin,waitress,वेट्रेस
die Kerze,candle 🕯️,मोमबत्ती
die Kette,necklace / chain,हार / चेन
die Kilometer,kilometers,किलोमीटर
die Kinder,children,बच्चे
die Kirche,church ⛪,गिरजाघर
die Kirsche,cherry,चेरी
die Klasse,class / grade,कक्षा
die Klausur,exam,परीक्षा
die Kleidung (Sg.),To be translated,अनुवाद किया जाना है
die Klimaanlage,air conditioning,एयर कंडीशनिंग
die Knospe,bud,कली
die Kollegin,colleague (female),सहकर्मी (महिला)
die Kommode,chest of drawers,दराजों वाली अलमारी
die Konferenz,conference,कॉन्फ्रेंस
die Kontaktlinse,contact lens,कॉन्टैक्ट लेंस
die Kontonummer,account number,खाता संख्या
die Kopie,copy,कॉपी
die Korrektur,correction,सुधार
die Kosmetik,cosmetics,कॉस्मेटिक्स
die Kosmetik (Sg.),To be translated,अनुवाद किया जाना है
die Kraft,strength,शक्ति
die Kranken-,To be translated,अनुवाद किया जाना है
die Kranken-,To be translated,अनुवाद किया जाना है
die Krankenkasse,health insurance,स्वास्थ्य बीमा
die Krankenschwester,nurse,नर्स
die Krankenversicherung,health insurance,स्वास्थ्य बीमा
die Krankheit,illness / disease,बीमारी
die Krankmeldung,sick note,बीमारी की सूचना
die Krawatte,tie 👔,टाई
die Kreditkarte,credit card,क्रेडिट कार्ड
die Kreide,chalk,चॉक
die Kreuzung,intersection / crossing,चौराहा
die Krähe,crow,कौआ
die Kuh,cow 🐄,गाय
die Kultur,culture,संस्कृति
die Kundenzufriedenheit,customer satisfaction,ग्राहक संतुष्टि
die Kundin,customer (f),ग्राहक (महिला)
die Kunst,art,कला
die Kälte,cold,सर्दी
die Köchin,chef (female),महिला शेफ
die Küche,kitchen 🍳,रसोई
die Kündigung,termination,नौकरी छोड़ना
die Künstlerin,artist (female),कलाकार (महिला)
die Küste,coast,तट
die Lampe,lamp 💡,लैंप
die Landschaft,landscape,प्राकृतिक दृश्य
die Landung,landing,लैंडिंग
die Langeweile,boredom,बोरियत
die Laune,mood,मूड
die Lebens-,To be translated,अनुवाद किया जाना है
die Leder,leather,चमड़ा
die Lehrerin,teacher (female),शिक्षिका
die Leute,people,लोग
die Leute (Pl.),To be translated,अनुवाद किया जाना है
die Liebe,love ❤️,प्यार
die Limonade,lemonade / soda 🍋,नींबू पानी / सोडा
die Lippe,lip,होंठ
die Luft,air,हवा
die Luftballons,balloons,गुब्बारे
die Luftfeuchtigkeit,humidity,आर्द्रता
die Luftverschmutzung,air pollution,वायु प्रदूषण
die Lust (Sg.),To be translated,अनुवाद किया जाना है
die Lösung,solution,समाधान
die Lösung finden,to find a solution,समाधान ढूंढना
die Lüge,To be translated,अनुवाद किया जाना है
die Magenprobleme,stomach problems,पेट की समस्या
die Mahlzeit,meal,भोजन
die Mailbox,voicemail,वॉइसमेल
die Mama,mom (informal),मम्मी
die Maniküre,manicure,मैनिक्योर
die Mannschaft,team,टीम
die Mappe,folder,फोल्डर
die Marke,brand,ब्रांड
die Maschine,To be translated,अनुवाद किया जाना है
die Maske,mask,मुखौटा
die Massage,massage,मालिश
die Mathematik,mathematics,गणित
die Maus,mouse 🖱️,माउस
die Maut,toll,टोल
die Medaille,medal,मेडल
die Medikamente,medication,दवाइयाँ
die Meditation,meditation,ध्यान
die Medizin,medicine 💊,दवा
die Medizin nehmen,to take medicine,दवा लेना
die Meinung,opinion,राय
die Meisterschaft,championship,चैंपियनशिप
die Melodie,melody,धुन
die Melone,melon,खरबूजा
die Menge,To be translated,अनुवाद किया जाना है
die Mensa,canteen / cafeteria,कैंटीन
die Messe,To be translated,अनुवाद किया जाना है
die Metzgerei,butcher shop 🥩,कसाई की दुकान
die Miete,rent 💰,किराया
die Migration,migration,प्रवासन
die Mikrowelle,microwave,माइक्रोवेव
die Milch,milk 🥛,दूध
die Milch (Sg.),To be translated,अनुवाद किया जाना है
die Minute,minute,मिनट
die Mittagspause,lunch break,लंच ब्रेक
die Mitte,To be translated,अनुवाद किया जाना है
die Mitternacht,midnight,आधी रात
die Mode,fashion,फैशन
die Moschee,mosque 🕌,मस्जिद
die Musik,music 🎵,संगीत
die Musik (Sg.),To be translated,अनुवाद किया जाना है
die Musik hören,to listen to music,संगीत सुनना
die Musikerin,musician (female),संगीतकार (महिला)
die Mutter,mother 👩,माँ
die Möbel,furniture,फर्नीचर
die Möbel (Pl.),To be translated,अनुवाद किया जाना है
die Mücke,mosquito,मच्छर
die Müdigkeit,tiredness,थकान
die Mülltonne,trash bin,कचरा डिब्बा
die Mülltrennung,waste separation,कचरा अलग करना
die Münze,coin 🪙,सिक्का
die Mütze,cap / beanie 🧢,टोपी
die Nachbarin,neighbor (f),पड़ोसन
die Nachbarschaft,neighborhood,पड़ोस
die Nachhaltigkeit,sustainability,स्थिरता
die Nachnahme,cash on delivery,कैश ऑन डिलीवरी
die Nachricht,message 💬,संदेश
die Nachrichten,news,खबरें
die Nachspeise,dessert,मिठाई
die Nacht,night 🌙,रात
die Nase,nose 👃,नाक
die Nationalität,nationality,राष्ट्रीयता
die Natur,nature 🌿,प्रकृति
die Natur (Sg.),To be translated,अनुवाद किया जाना है
die Navigation,navigation,नेविगेशन
die Nebenkosten,utilities,अतिरिक्त खर्च
die Nervosität,nervousness,घबराहट
die Neugier,curiosity,जिज्ञासा
die Nichte,niece,भतीजी / भांजी
die Niederlage,defeat,हार
die Notaufnahme,emergency room,आपातकालीन विभाग
die Note,grade / mark,नंबर / ग्रेड
die Notiz,To be translated,अनुवाद किया जाना है
die Nudel,To be translated,अनुवाद किया जाना है
die Nudeln,noodles / pasta,नूडल्स
die Nummer,To be translated,अनुवाद किया जाना है
die Nummer wählen,to dial the number,नंबर डायल करना
die Nuss,nut,मेवा
die Nähe (Sg.),To be translated,अनुवाद किया जाना है
die Ohren,ears,कान (दोनों)
die Ohrringe,earrings,झुमके
die Oma,grandma 👵,दादी / नानी
die Oper,opera,ओपेरा
die Operation,operation,ऑपरेशन
die Orange,orange 🟠,नारंगी
die Ordnung,To be translated,अनुवाद किया जाना है
die Organisation,organization,संगठन
die Orientierung,orientation,दिशा ज्ञान
die Packung,pack / package 📦,पैकेट
die Panne,breakdown,खराबी
die Papiere (Pl.),To be translated,अनुवाद किया जाना है
die Papierkorb,waste paper basket,कागज़ की टोकरी
die Paprika,bell pepper,शिमला मिर्च
die Parade,parade,परेड
die Parkuhr,parking meter,पार्किंग मीटर
die Partei,party (political),पार्टी
die Partnerin,partner (f),साथी (महिला)
die Partnerschaft,partnership,साझेदारी
die Party,party 🥳,पार्टी
die Passform,fit,फिटिंग
die Patientin,patient (female),मरीज (महिला)
die Pause,break ☕,ब्रेक
die Pause machen,to take a break,ब्रेक लेना
die Pediküre,pedicure,पेडीक्योर
die Person,person,व्यक्ति
die Petition,petition,याचिका
die Pfanne,pan / frying pan 🍳,कड़ाही / तवा
die Pflanze,plant 🌱,पौधा
die Pflicht,duty,कर्तव्य
die Pfote,paw 🐾,पंजा
die Physik,physics,भौतिकी
die PIN,PIN,पिन
die PIN-Nummer,PIN number,पिन नंबर
die Pizza,To be translated,अनुवाद किया जाना है
die Plastiktüte,plastic bag,प्लास्टिक बैग
die Plastiktüte verbieten,to ban plastic bags,प्लास्टिक बैग पर प्रतिबंध
die Politik,politics,राजनीति
die Polizei (Sg.),To be translated,अनुवाद किया जाना है
die Polizeiwache,police station,पुलिस थाना
die Portion,portion,पोर्शन
die Post,post office 📮,डाकघर
die Post (Sg.),To be translated,अनुवाद किया जाना है
die Postfiliale,post office branch,डाकघर शाखा
die Postkarte,postcard 📮,पोस्टकार्ड
die Postkarte schicken,to send a postcard,पोस्टकार्ड भेजना
die Postleit-,To be translated,अनुवाद किया जाना है
die Postleitzahl,postal code,पिन कोड
die Praxis,doctor's office,क्लिनिक
die Präsentation,presentation,प्रेजेंटेशन
die Prüfung,exam 📋,परीक्षा
die Prüfungsvorbereitung,exam preparation,परीक्षा तैयारी
die Qualifikation,qualification,योग्यता
die Qualität,quality,गुणवत्ता
die Quittung,receipt 🧾,रसीद
die Raststätte,rest stop,रेस्ट स्टॉप
die Ratte,rat,चूहा
die Raupe,caterpillar,इल्ली
die Rechnung,bill / invoice,बिल
die Rechnung bezahlen,to pay the bill,बिल चुकाना
die Rechnung bitte,the bill please,बिल प्लीज़
die Recyclingtonne,recycling bin,रीसाइक्लिंग डिब्बा
die Regierung,government,सरकार
die Reihe,To be translated,अनुवाद किया जाना है
die Reinigung,dry cleaner,ड्राई क्लीनर
die Reise,journey/trip,यात्रा
die Reiseplanung,trip planning,यात्रा योजना
die Reisetasche,travel bag,यात्रा बैग
die Reklamation,complaint,शिकायत
die Reklame,advertisement,विज्ञापन
die Religion,religion,धर्म
die Rente,pension/retirement,पेंशन
die Rentnerin,retiree (female),पेंशनभोगी (महिला)
die Reparatur,repair,मरम्मत
die Reservierung,reservation,आरक्षण
die Retoure,return,वापसी
die Rezeption,reception,रिसेप्शन
die Richtung,direction,दिशा
die Rose,rose,गुलाब
die Routine,routine,रूटीन
die Ruhe,peace / rest,आराम / शांति
die Ruhe (Sg.),To be translated,अनुवाद किया जाना है
die Rutsche,slide,स्लाइड
die Rückgabe,return,वापसी
die S-Bahn,suburban train,लोकल ट्रेन
die Sache,thing,चीज़
die Sahne,cream,क्रीम
die Saison,season,सीज़न
die Salbe,ointment,मलहम
die Sandale,sandal 👡,सैंडल
die Sandalen,sandals,सैंडल
die Sandkasten,sandbox,रेत का डिब्बा
die Sauna,sauna,सौना
die Schaukel,swing,झूला
die Schauspielerin,actress,अभिनेत्री
die Scheidung,divorce,तलाक
die Schere,scissors ✂️,कैंची
die Schildkröte,turtle 🐢,कछुआ
die Schlange,queue / line,कतार
die Schmerzen,pains,दर्द (बहुवचन)
die Schnecke,snail,घोंघा
die Schokolade,chocolate,चॉकलेट
die Schuhe,shoes 👟,जूते
die Schulbildung,education,शिक्षा
die Schuld,debt,कर्ज
die Schulden,debts,कर्ज
die Schule,school 🏫,स्कूल
die Schule beginnen,school starts,स्कूल शुरू होना
die Schulter,shoulder,कंधा
die Schwester,sister 👧,बहन
die Schwiegermutter,mother-in-law,सास
die Schwiegertochter,daughter-in-law,बहू
die Schwägerin,sister-in-law,ननद/भाभी
die Schülerin,pupil (female),छात्रा
die Schüssel,bowl 🥣,कटोरा
die Sechs,grade 6 (worst),फेल
die See (Sg),To be translated,अनुवाद किया जाना है
die Sehens-,To be translated,अनुवाद किया जाना है
die Sehenswürdigkeit,tourist attraction / sight,दर्शनीय स्थल
die Sehnsucht,longing,तड़प
die Seide,silk,रेशम
die Seife,To be translated,अनुवाद किया जाना है
die Seite,To be translated,अनुवाद किया जाना है
die Sekunde,second,सेकंड
die Sendung,shipment/broadcast,शिपमेंट/प्रसारण
die Serie,series,सीरीज़
die Serviette,napkin,नैपकिन
die Sicherheitskontrolle,security check,सिक्योरिटी चेक
die Situation,To be translated,अनुवाद किया जाना है
die Skulptur,sculpture,मूर्ति
die SMS,text message,एसएमएस
die Social Media,social media,सोशल मीडिया
die Socke,sock 🧦,मोज़ा
die Socken,socks,मोज़े
die Solaranlage,solar system,सौर प्रणाली
die Solidarität,solidarity,एकजुटता
die Sonne,sun ☀️,सूरज
die Sonne scheinen,the sun is shining,धूप निकलना
Die Sonne scheint,The sun is shining,धूप निकली है
die Sonnenbrille,sunglasses 🕶️,धूप का चश्मा
die Sorge,worry,चिंता
die Speisekarte,menu,मेनू
die Spende,donation,दान
die Spinne,spider 🕷️,मकड़ी
die Sportart,type of sport,खेल का प्रकार
die Sporthalle,sports hall,खेल हॉल
die Sprache,language 🗣️,भाषा
die Sprech-,To be translated,अनुवाद किया जाना है
die Sprite,Sprite (lemon soda),स्प्राइट
die Spritze,injection,इंजेक्शन
die Spülmaschine,dishwasher,डिशवॉशर
die Stadt,city / town 🏙️,शहर
die Stadtbesichtigung,city tour,शहर का दौरा
die Stadtmitte,city center,शहर का केंद्र
die Statue,statue,मूर्ति
die Steckdose,socket,सॉकेट
die Stehlampe,floor lamp,फ्लोर लैंप
die Stelle,position / job,पद
die Steuer,tax,टैक्स
die Stiefmutter,stepmother,सौतेली माँ
die Stieftochter,stepdaughter,सौतेली बेटी
die Stille,silence,खामोशी
die Stimme,voice,आवाज़
die Stimmung,mood/atmosphere,माहौल
die Stirn,forehead,माथा
die Strafe,fine,जुर्माना
die Straße,street / road,सड़क
die Straßen-,To be translated,अनुवाद किया जाना है
die Straßenbahn,tram 🚃,ट्राम
die Studentin,student (female),छात्रा (विश्वविद्यालय)
die Stunde,hour,घंटा
die Stunde fahren,to drive for hours,घंटों ड्राइव करना
die Suppe,soup,सूप
die Symptome,symptoms,लक्षण
die Sängerin,singer (female),गायिका
die Süßigkeiten,To be translated,अनुवाद किया जाना है
die Tablette,tablet / pill,गोली
die Tafel,blackboard,ब्लैकबोर्ड
die Tankstelle,gas station ⛽,पेट्रोल पंप
die Tante,aunt,चाची / मामी / बुआ
die Tanzfläche,dance floor,डांस फ्लोर
die Tanzmusik,dance music,नाच की संगीत
die Tasche,bag / purse 👜,बैग / थैला
die Tasse,cup ☕,प्याला / कप
die Tastatur,keyboard ⌨️,कीबोर्ड
die Taube,pigeon,कबूतर
die Taufe,baptism,बपतिस्मा
die Teilzeitstelle,part-time job,पार्ट टाइम नौकरी
die Telefonnummer,phone number,फोन नंबर
die Temperatur,temperature 🌡️,तापमान
die Temperatur messen,to measure temperature,तापमान नापना
die Terrasse,terrace / patio,छत / आंगन
die Therapie,therapy,चिकित्सा
die Tierwelt,animal world,जानवरों की दुनिया
die Tischdecke,tablecloth,मेज़पोश
die Tischlampe,table lamp,टेबल लैंप
die Tochter,daughter 👧,बेटी
die Toilette,toilet,शौचालय
die Toleranz,tolerance,सहिष्णुता
die Tomate,tomato,टमाटर
die Torte,layer cake / gateau,टोर्ट केक
die Tour,tour,टूर
die Touristeninformation,tourist information,पर्यटक सूचना केंद्र
die Tradition,tradition,परंपरा
die Traube,grape,अंगूर
die Traurigkeit,sadness,उदासी
die Trauung,wedding ceremony,विवाह समारोह
die Trennung,separation,अलग होना
die Treppe,stairs 🪜,सीढ़ी
die Trommel,drum,ड्रम
die Tulpe,tulip,ट्यूलिप
die Turnhalle,gymnasium,जिम्नेजियम
die Turnschuhe,sneakers,स्नीकर्स
die Tür,door 🚪,दरवाज़ा
die Tüte,bag (paper/plastic),थैला
die U-Bahn,metro / subway 🚇,मेट्रो
die Uhr,clock ⏰,घड़ी
die Uhrzeit,time (clock),समय (घड़ी)
die Umfrage,survey/poll,सर्वे
die Umkleidekabine,changing room,चेंजिंग रूम
die Umleitung,diversion,डायवर्शन
die Umtausch,exchange,एक्सचेंज
die Umwelt,environment,पर्यावरण
die Umweltverschmutzung,environmental pollution,पर्यावरण प्रदूषण
die Universität,university,विश्वविद्यालय
die Unsicherheit,uncertainty,अनिश्चितता
die Unterkunft,To be translated,अनुवाद किया जाना है
die Unterschrift,signature ✍️,हस्ताक्षर
die Unterschrift sammeln,to collect signatures,हस्ताक्षर इकट्ठा करना
die Untersuchung,examination,जाँच
die Untertitel,subtitles,उपशीर्षक
die Unterwäsche,underwear,अंडरवियर
die Verabredung,appointment,अपॉइंटमेंट
die Veranstal-,To be translated,अनुवाद किया जाना है
die Veranstaltung,event,कार्यक्रम
die Verbindung,connection,कनेक्शन
die Vergangenheit,past,अतीत
die Verkäuferin,saleswoman,विक्रेता (महिला)
die Verletzung,injury,चोट
die Verlobung,engagement,सगाई
die Verschmutzung,pollution,प्रदूषण
die Versicherung,insurance,बीमा
die Versicherungskarte,insurance card,बीमा कार्ड
die Verspätung,delay,देरी
die Verwandtschaft,family/relatives,रिश्तेदारी
die Verzögerung,delay,देरी
die Veränderung,change,बदलाव
die Vielfalt,diversity,विविधता
die Vignette,toll sticker,टोल स्टिकर
die Vitamine,vitamins,विटामिन
die Vokabel,vocabulary word,शब्द
die Vollzeitstelle,full-time job,पूर्णकालिक नौकरी
die Vorfahrt,right of way,प्राथमिकता
die Vorlesung,lecture,व्याख्यान
die Vorsicht,caution,सावधानी
die Vorspeise,starter / appetizer,स्टार्टर
die Vorsätze,New Year's resolutions,नए साल के संकल्प
die Vorwahl,area code,एरिया कोड
die Waage,scales,तराज़ू
die Wahl,election,चुनाव
die Wahlurne,ballot box,मतपेटी
die Waldbrand,forest fire,जंगल की आग
die Wand,wall,दीवार
die Wange,cheek,गाल
die Ware,goods,माल
die Wartezimmer,waiting room,वेटिंग रूम
die Waschmaschine,washing machine 🧺,वाशिंग मशीन
die Webseite,website,वेबसाइट
die Website,website,वेबसाइट
die Wellness,wellness,वेलनेस
die Welt,To be translated,अनुवाद किया जाना है
die Werbung,advertisement,विज्ञापन
die Werkstatt,workshop / garage,वर्कशॉप / गैरेज
die Wettervorhersage,weather forecast,मौसम पूर्वानुमान
die Wiese,meadow,घास का मैदान
die Wildkatze,wildcat,जंगली बिल्ली
die Windenergie,wind energy,पवन ऊर्जा
die Woche,week,सप्ताह
die Wohnung,apartment / flat 🏢,फ्लैट
die Wolke,cloud ☁️,बादल
die Wolle,wool,ऊन
die Wunde,wound,घाव
die Wurst,sausage,सॉसेज
die Wurzel,root,जड़
die Wut,anger,गुस्सा
die Währung,currency,मुद्रा
die Wäsche,To be translated,अनुवाद किया जाना है
die Wüste,desert,रेगिस्तान
die Yoga,yoga,योग
die Zahl,To be translated,अनुवाद किया जाना है
die Zahl,To be translated,अनुवाद किया जाना है
die Zahlung,payment,भुगतान
die Zahnbürste,toothbrush,टूथब्रश
die Zahnpasta,toothpaste,टूथपेस्ट
die Zeichnung,drawing,ड्राइंग
die Zeit,To be translated,अनुवाद किया जाना है
die Zeitschrift,magazine 📖,पत्रिका
die Zeitspanne,time period,समय अवधि
die Zeitung,newspaper,अखबार
die Zeitung lesen,to read the newspaper,अखबार पढ़ना
die Zeitzone,time zone,समय क्षेत्र
die Ziege,goat 🐐,बकरी
die Zigarette,cigarette 🚬,सिगरेट
die Zitrone,lemon,नींबू
die Zollkontrolle,customs control,कस्टम कंट्रोल
die Zone,zone,क्षेत्र
die Zufriedenheit,satisfaction,संतुष्टि
die Zukunft,future,भविष्य
die Zunge,tongue 👅,जीभ
die Zuschauerin,spectator (female),दर्शक (स्त्री)
die Zutaten,ingredients,सामग्री
die Zwiebel,onion,प्याज
die Zähne,teeth,दाँत (सब)
die Ärztin,doctor (f) 👩‍⚕️,डॉक्टर (महिला)
die Öffnungszeiten,opening hours,खुलने का समय
die Übelkeit,nausea,मतली
die Über-,To be translated,अनुवाद किया जाना है
die Übernachtung,overnight stay,रात रुकना
die Überraschung,surprise,आश्चर्य / सरप्राइज
die Überschrift,headline,शीर्षक
die Überschwemmung,flood,बाढ़
die Überstunde,overtime,ओवरटाइम
die Überstunden,overtime,ओवरटाइम
die Überweisung,bank transfer,ट्रांसफर
die Übung,exercise,अभ्यास
Dienstag,Tuesday,मंगलवार
diese,this (f),यह
dieser,this (m),यह
dieses,this (n),यह
dir,to you (dative),तुझे
direkt,To be translated,अनुवाद किया जाना है
diskutieren,To be translated,अनुवाद किया जाना है
dium,To be translated,अनुवाद किया जाना है
doch,yes (contradicting) / but,हाँ (विरोध में)
Donnerstag,Thursday,गुरुवार
dort,there,वहाँ
draußen,outside,बाहर
dringend,To be translated,अनुवाद किया जाना है
drinnen,inside,अंदर
drucken,to print,प्रिंट करना
drüben,To be translated,अनुवाद किया जाना है
drücken,To be translated,अनुवाद किया जाना है
du,you (informal),तुम
dumm,To be translated,अनुवाद किया जाना है
dunkel,dark,गहरा
dunkelblau,dark blue,गहरा नीला
dunkelbraun,dark brown,गहरा भूरा
dunkelgrau,dark gray,गहरा धूसर
dunkelgrün,dark green,गहरा हरा
dunkelrot,dark red,गहरा लाल
durch,through,से होकर
durchfallen,to fail (exam),फेल होना
durfte,To be translated,अनुवाद किया जाना है
durstig,thirsty 🥤,प्यासा
duschen,to shower 🚿,नहाना
duschen (sich),To be translated,अनुवाद किया जाना है
duscht,To be translated,अनुवाद किया जाना है
dünn,thin,पतला
dünsten,to steam,स्टीम करना
dürfen,may / to be allowed,... की अनुमति होना
echt,To be translated,अनुवाद किया जाना है
egal,To be translated,अनुवाद किया जाना है
eigen-,To be translated,अनुवाद किया जाना है
eigentlich,actually,वास्तव में
eilig,To be translated,अनुवाद किया जाना है
ein paar,To be translated,अनुवाद किया जाना है
einchecken,to check in,चेक इन करना
einen Termin machen,to make an appointment,अपॉइंटमेंट लेना
einfach,To be translated,अनुवाद किया जाना है
einfache Fahrt,one-way trip,एक तरफ़ का टिकट
einig-,To be translated,अनुवाद किया जाना है
einkaufen,To be translated,अनुवाद किया जाना है
einkaufen gehen,to go shopping,खरीदारी करने जाना
einladen,to invite,आमंत्रित करना
einmal,To be translated,अनुवाद किया जाना है
einpacken,To be translated,अनुवाद किया जाना है
einsam,lonely,अकेला
einschlafen,to fall asleep,सो जाना
einsteigen,to get on / board,चढ़ना
eintragen (sich),To be translated,अनुवाद किया जाना है
Einverstanden,Agreed,मंज़ूर
einzahlen,to deposit money,पैसे जमा करना
einzel-,To be translated,अनुवाद किया जाना है
einziehen,To be translated,अनुवाद किया जाना है
elfenbein,ivory,हाथी दांत रंग
empfehlen,To be translated,अनुवाद किया जाना है
enden,To be translated,अनुवाद किया जाना है
endlich,finally,आखिरकार
eng,tight,तंग
Englisch,English 🇬🇧,अंग्रेज़ी
entscheiden,to decide,निर्णय लेना
entschuldigen,To be translated,अनुवाद किया जाना है
Entschuldigung,Sorry / Excuse me,माफ़ कीजिए
entspannen,to relax,आराम करना
entspannt,relaxed 😌,तनावमुक्त
er,he 👨,वह (पुरुष)
erinnern (sich),to remember,याद करना
erinnert,To be translated,अनुवाद किया जाना है
erklären,to explain,समझाना
erkältet sein,To be translated,अनुवाद किया जाना है
erlauben,To be translated,अनुवाद किया जाना है
erlaubt sein,To be translated,अनुवाद किया जाना है
erleichtert,relieved,राहत महसूस
erreichen,To be translated,अनुवाद किया जाना है
erreicht,To be translated,अनुवाद किया जाना है
erst,To be translated,अनुवाद किया जाना है
erziehen,to raise (children),पालन-पोषण
erzählen,to tell / narrate,बताना
es,it,यह
Es geht,So-so,ठीक-ठाक
Es ist heiß/kalt,It's hot/cold,गर्मी/ठंड है
Es ist lecker!,It's delicious!,यह मज़ेदार है!
Es regnet,It's raining,बारिश हो रही है
Es schneit,It's snowing,बर्फ गिर रही है
Es sind 20 Grad,It's 20 degrees,20 डिग्री है
Es tut mir leid,I'm sorry,मुझे खेद है
etwas,something,कुछ
euch,you all (accusative),तुम लोगों को
euer,your (plural),तुम लोगों का
fahren,to drive / go (vehicle),चलाना / जाना
fallen,To be translated,अनुवाद किया जाना है
falsch,wrong / false ✗,गलत
fantastisch,To be translated,अनुवाद किया जाना है
fast,almost,लगभग
faul,To be translated,अनुवाद किया जाना है
Februar,February,फरवरी
fehlen,To be translated,अनुवाद किया जाना है
Feierabend machen,to finish work,काम खत्म करना
feiern,To be translated,अनुवाद किया जाना है
fertig,ready / finished ✅,तैयार / समाप्त
fertig sein,To be translated,अनुवाद किया जाना है
fett,To be translated,अनुवाद किया जाना है
feucht,humid,नम
finden,to find,पाना
fit sein,To be translated,अनुवाद किया जाना है
fleißig,To be translated,अनुवाद किया जाना है
flieder,lilac,हल्का बैंगनी
fliegen,to fly,उड़ना
fliegt (ab),To be translated,अनुवाद किया जाना है
fotografieren,to take a photo,फोटो खींचना
fragen,to ask,पूछना
frei,free,फ्री / खाली
freiwillig,To be translated,अनुवाद किया जाना है
fremd,To be translated,अनुवाद किया जाना है
freuen (sich),to be happy / pleased,खुश होना
freundlich,friendly,मिलनसार
freut,To be translated,अनुवाद किया जाना है
Freut mich,Nice to meet you,आपसे मिलकर खुशी हुई
frisch,fresh,ताज़ा
froh,glad / pleased,प्रसन्न
früh,early,जल्दी
früher,earlier / formerly,पहले
frühstücken,to have breakfast,नाश्ता करना
furchtbar,To be translated,अनुवाद किया जाना है
fährt (ab),To be translated,अनुवाद किया जाना है
fängt an,To be translated,अनुवाद किया जाना है
fühlen,to feel ✋,महसूस करना
fühlen (sich),to feel,महसूस करना
fühlt,To be translated,अनुवाद किया जाना है
für,for,के लिए
füttern,to feed,खाना खिलाना
gang,To be translated,अनुवाद किया जाना है
ganz,quite / whole,काफी / पूरा
geben,to give,देना
geben/sagen),To be translated,अनुवाद किया जाना है
geboren,To be translated,अनुवाद किया जाना है
Geburts-,To be translated,अनुवाद किया जाना है
geehrt-,To be translated,अनुवाद किया जाना है
gefallen,To be translated,अनुवाद किया जाना है
gefährlich,To be translated,अनुवाद किया जाना है
gegen,against / around (time),के खिलाफ / करीब
gegenüber,To be translated,अनुवाद किया जाना है
gehen,to go / walk 🚶,जाना / चलना
geht aus,To be translated,अनुवाद किया जाना है
gehängt,To be translated,अनुवाद किया जाना है
gehören,To be translated,अनुवाद किया जाना है
gelb,yellow 🟡,पीला
genau,exactly,बिल्कुल
Genau!,Exactly!,बिल्कुल सही!
genug,To be translated,अनुवाद किया जाना है
gerade,just now / straight,अभी-अभी
geradeaus,straight ahead ⬆️,सीधे
gern,To be translated,अनुवाद किया जाना है
Gern geschehen,You're welcome,खुशी से
geschieden,divorced,तलाकशुदा
geschlossen,closed,बंद
gestern,yesterday,कल (बीता हुआ)
gestresst,stressed 😫,तनावग्रस्त
gesund,healthy ✅,स्वस्थ
gesund essen,to eat healthy,स्वस्थ खाना
gesund leben,to live healthy,स्वस्थ जीवन जीना
Gesundheit!,Bless you!,भगवान करे!
gewesen,To be translated,अनुवाद किया जाना है
gewinnen,to win,जीतना
gewinnt,To be translated,अनुवाद किया जाना है
gibt ab,To be translated,अनुवाद किया जाना है
gibt aus,To be translated,अनुवाद किया जाना है
glauben,to believe,विश्वास करना
gleich,To be translated,अनुवाद किया जाना है
glücklich,happy 😊,खुश
gratis,free / complimentary,मुफ्त
gratulieren,to congratulate,बधाई देना
grau,gray / grey,धूसर / स्लेटी
grillen,To be translated,अनुवाद किया जाना है
groß,large (L),बड़ा
grün,green 🟢,हरा
gut,good / well,अच्छा
Gute Besserung!,Get well soon!,जल्दी ठीक हो जाओ!
gute Laune,good mood,अच्छा मूड
Gute Nacht,Good night,शुभ रात्रि
Gute Reise,Have a good trip,शुभ यात्रा
Guten Abend,Good evening,शुभ संध्या
Guten Appetit,Enjoy your meal,खाने का आनंद लें
Guten Appetit!,Enjoy your meal! 🍽️,खाना खाइए!
Guten Morgen,Good morning,सुप्रभात
Guten Tag,Good day,नमस्कार
gültig sein,To be translated,अनुवाद किया जाना है
günstig,affordable / good value,किफायती
haben,to have ⭐,रखना
Hallo,Hello,हैलो
Halsschmerzen,sore throat,गले में दर्द
halten,To be translated,अनुवाद किया जाना है
hart,To be translated,अनुवाद किया जाना है
hat abgeholt,To be translated,अनुवाद किया जाना है
hat abgeschlossen,To be translated,अनुवाद किया जाना है
hat angeboten,To be translated,अनुवाद किया जाना है
hat angefangen,To be translated,अनुवाद किया जाना है
hat angemeldet,To be translated,अनुवाद किया जाना है
hat angerufen,To be translated,अनुवाद किया जाना है
hat angesehen,To be translated,अनुवाद किया जाना है
hat aufgehört,To be translated,अनुवाद किया जाना है
hat aufgepasst,To be translated,अनुवाद किया जाना है
hat ausgesehen,To be translated,अनुवाद किया जाना है
hat beantwortet,To be translated,अनुवाद किया जाना है
hat bedeutet,To be translated,अनुवाद किया जाना है
hat begonnen,To be translated,अनुवाद किया जाना है
hat beraten,To be translated,अनुवाद किया जाना है
hat beschwert,To be translated,अनुवाद किया जाना है
hat besichtigt,To be translated,अनुवाद किया जाना है
hat bestanden,To be translated,अनुवाद किया जाना है
hat bestellt,To be translated,अनुवाद किया जाना है
hat diskutiert,To be translated,अनुवाद किया जाना है
hat eingetragen,To be translated,अनुवाद किया जाना है
hat erinnert,To be translated,अनुवाद किया जाना है
hat erlaubt,To be translated,अनुवाद किया जाना है
hat erreicht,To be translated,अनुवाद किया जाना है
hat erzählt,To be translated,अनुवाद किया जाना है
hat gearbeitet,To be translated,अनुवाद किया जाना है
hat gebadet,To be translated,अनुवाद किया जाना है
hat gebraten,To be translated,अनुवाद किया जाना है
hat gebraucht,To be translated,अनुवाद किया जाना है
hat gedacht,To be translated,अनुवाद किया जाना है
hat gedrückt,To be translated,अनुवाद किया जाना है
hat gedurft,To be translated,अनुवाद किया जाना है
hat geduscht,To be translated,अनुवाद किया जाना है
hat geendet,To be translated,अनुवाद किया जाना है
hat gefallen,To be translated,अनुवाद किया जाना है
hat gefehlt,To be translated,अनुवाद किया जाना है
hat gefeiert,To be translated,अनुवाद किया जाना है
hat gefragt,To be translated,अनुवाद किया जाना है
hat gefreut,To be translated,अनुवाद किया जाना है
hat gefunden,To be translated,अनुवाद किया जाना है
hat gegeben,To be translated,अनुवाद किया जाना है
hat gegessen,To be translated,अनुवाद किया जाना है
hat geglaubt,To be translated,अनुवाद किया जाना है
hat gehalten,To be translated,अनुवाद किया जाना है
hat gehangen/,To be translated,अनुवाद किया जाना है
hat geheiratet,To be translated,अनुवाद किया जाना है
hat geheißen,To be translated,अनुवाद किया जाना है
hat geholfen,To be translated,अनुवाद किया जाना है
hat geholt,To be translated,अनुवाद किया जाना है
hat gehört,To be translated,अनुवाद किया जाना है
hat gekannt,To be translated,अनुवाद किया जाना है
hat gekauft,To be translated,अनुवाद किया जाना है
hat geklappt,To be translated,अनुवाद किया जाना है
hat gekostet,To be translated,अनुवाद किया जाना है
hat gekündigt,To be translated,अनुवाद किया जाना है
hat gelassen,To be translated,अनुवाद किया जाना है
hat gelebt,To be translated,अनुवाद किया जाना है
hat gelegt,To be translated,अनुवाद किया जाना है
hat geliehen,To be translated,अनुवाद किया जाना है
hat gelogen,To be translated,अनुवाद किया जाना है
hat gemacht,To be translated,अनुवाद किया जाना है
hat gemalt,To be translated,अनुवाद किया जाना है
hat gemeint,To be translated,अनुवाद किया जाना है
hat gemerkt,To be translated,अनुवाद किया जाना है
hat gemocht,To be translated,अनुवाद किया जाना है
hat genannt,To be translated,अनुवाद किया जाना है
hat genommen,To be translated,अनुवाद किया जाना है
hat geparkt,To be translated,अनुवाद किया जाना है
hat gepasst,To be translated,अनुवाद किया जाना है
hat geplant,To be translated,अनुवाद किया जाना है
hat geraten,To be translated,अनुवाद किया जाना है
hat geraucht,To be translated,अनुवाद किया जाना है
hat gerechnet,To be translated,अनुवाद किया जाना है
hat geredet,To be translated,अनुवाद किया जाना है
hat gerochen,To be translated,अनुवाद किया जाना है
hat gerufen,To be translated,अनुवाद किया जाना है
hat gesagt,To be translated,अनुवाद किया जाना है
hat geschafft,To be translated,अनुवाद किया जाना है
hat geschenkt,To be translated,अनुवाद किया जाना है
hat geschickt,To be translated,अनुवाद किया जाना है
hat geschienen,To be translated,अनुवाद किया जाना है
hat geschimpft,To be translated,अनुवाद किया जाना है
hat geschlafen,To be translated,अनुवाद किया जाना है
hat geschlossen,To be translated,अनुवाद किया जाना है
hat geschmeckt,To be translated,अनुवाद किया जाना है
hat geschnitten,To be translated,अनुवाद किया जाना है
hat geschrieben,To be translated,अनुवाद किया जाना है
hat gesehen,To be translated,अनुवाद किया जाना है
hat gespart,To be translated,अनुवाद किया जाना है
hat gespeichert,To be translated,अनुवाद किया जाना है
hat gespielt,To be translated,अनुवाद किया जाना है
hat gestellt,To be translated,अनुवाद किया जाना है
hat gestritten,To be translated,अनुवाद किया जाना है
hat gestört,To be translated,अनुवाद किया जाना है
hat gesucht,To be translated,अनुवाद किया जाना है
hat gesungen,To be translated,अनुवाद किया जाना है
hat getan,To be translated,अनुवाद किया जाना है
hat geteilt,To be translated,अनुवाद किया जाना है
hat getragen,To be translated,अनुवाद किया जाना है
hat getrunken,To be translated,अनुवाद किया जाना है
hat gewartet,To be translated,अनुवाद किया जाना है
hat geweckt,To be translated,अनुवाद किया जाना है
hat geweint,To be translated,अनुवाद किया जाना है
hat gewusst,To be translated,अनुवाद किया जाना है
hat gewählt,To be translated,अनुवाद किया जाना है
hat gezahlt,To be translated,अनुवाद किया जाना है
hat gezeichnet,To be translated,अनुवाद किया जाना है
hat gezeigt,To be translated,अनुवाद किया जाना है
hat geändert,To be translated,अनुवाद किया जाना है
hat geöffnet,To be translated,अनुवाद किया जाना है
hat geübt,To be translated,अनुवाद किया जाना है
hat hergestellt,To be translated,अनुवाद किया जाना है
hat interessiert,To be translated,अनुवाद किया जाना है
hat kontrolliert,To be translated,अनुवाद किया जाना है
hat leidgetan,To be translated,अनुवाद किया जाना है
hat probiert,To be translated,अनुवाद किया जाना है
hat recht gehabt,To be translated,अनुवाद किया जाना है
hat renoviert,To be translated,अनुवाद किया जाना है
hat stattgefunden,To be translated,अनुवाद किया जाना है
hat unterhalten,To be translated,अनुवाद किया जाना है
hat untersucht,To be translated,अनुवाद किया जाना है
hat verdient,To be translated,अनुवाद किया जाना है
hat vereinbart,To be translated,अनुवाद किया जाना है
hat vergessen,To be translated,अनुवाद किया जाना है
hat verglichen,To be translated,अनुवाद किया जाना है
hat verkauft,To be translated,अनुवाद किया जाना है
hat verletzt,To be translated,अनुवाद किया जाना है
hat verliebt,To be translated,अनुवाद किया जाना है
hat verloren,To be translated,अनुवाद किया जाना है
hat verpasst,To be translated,अनुवाद किया जाना है
hat verschoben,To be translated,अनुवाद किया जाना है
hat verstanden,To be translated,अनुवाद किया जाना है
hat versucht,To be translated,अनुवाद किया जाना है
hat vorbereitet,To be translated,अनुवाद किया जाना है
hat vorgestellt,To be translated,अनुवाद किया जाना है
hat zugehört,To be translated,अनुवाद किया जाना है
hat übernachtet,To be translated,अनुवाद किया जाना है
hat/ist,To be translated,अनुवाद किया जाना है
hat/ist gelegen,To be translated,अनुवाद किया जाना है
hat/ist gesessen,To be translated,अनुवाद किया जाना है
hat/ist gestanden,To be translated,अनुवाद किया जाना है
hat/ist gesurft,To be translated,अनुवाद किया जाना है
hatte,To be translated,अनुवाद किया जाना है
Hausmann,To be translated,अनुवाद किया जाना है
heiraten,To be translated,अनुवाद किया जाना है
heiß,hot,गर्म
heißen,To be translated,अनुवाद किया जाना है
helfen,to help 🤝,मदद करना
hell,light (color),हल्का
hellblau,light blue,हल्का नीला
hellbraun,light brown / tan,हल्का भूरा
hellgrau,light gray,हल्का धूसर
hellgrün,light green,हल्का हरा
hellrot,light red,हल्का लाल
her/her-/-her,To be translated,अनुवाद किया जाना है
heraus/raus,To be translated,अनुवाद किया जाना है
herberge,To be translated,अनुवाद किया जाना है
herein/rein,To be translated,अनुवाद किया जाना है
herstellen,To be translated,अनुवाद किया जाना है
herunterladen,to download ⬇️,डाउनलोड करना
herzlich,To be translated,अनुवाद किया जाना है
Herzlich willkommen,Welcome,स्वागत है
heute,today,आज
heute Abend,tonight,आज रात
Heute ist der 20.2.2012,To be translated,अनुवाद किया जाना है
hier,here,यहाँ
Hilfe!,Help!,मदद!
hin/hin-/-hin,To be translated,अनुवाद किया जाना है
hinten,behind / back,पीछे
hinter,behind,के पीछे
hoch,high / tall,ऊँचा
hochladen,to upload ⬆️,अपलोड करना
hoffen,to hope,उम्मीद करना
hoffentlich,To be translated,अनुवाद किया जाना है
holen,to fetch / get,ले आना
hungrig,hungry 🍽️,भूखा
hängen,To be translated,अनुवाद किया जाना है
hässlich,ugly,बदसूरत
hören,to hear 👂,सुनना
hört auf,To be translated,अनुवाद किया जाना है
ich,I 👤,मैं
Ich auch,Me too,मैं भी
Ich bin satt,I am full,मेरा पेट भर गया
Ich lerne Deutsch,I'm learning German,मैं जर्मन सीख रहा/रही हूँ
Ich verstehe (nicht),I (don't) understand,मैं समझ (नहीं) रहा/रही हूँ
Ich verstehe nicht,I don't understand,मुझे समझ नहीं आया
Ich weiß nicht,I don't know,मुझे नहीं पता
ihm,to him (dative),उसे (पुरुष)
ihn,him (accusative),उसे (पुरुष)
ihnen,to them (dative),उन्हें
ihr,you (plural informal),तुम लोग
Im ersten Stock,On the first floor,पहली मंज़िल पर
immer,To be translated,अनुवाद किया जाना है
in,in 📍,में
in der Nähe,nearby,पास में
informieren,To be translated,अनुवाद किया जाना है
informiert,To be translated,अनुवाद किया जाना है
ins Bett gehen,to go to bed,सोने जाना
intelligent,To be translated,अनुवाद किया जाना है
interessant,interesting,दिलचस्प
interessiert,To be translated,अनुवाद किया जाना है
international,To be translated,अनुवाद किया जाना है
ist (ab)gefahren,To be translated,अनुवाद किया जाना है
ist (ab)geflogen,To be translated,अनुवाद किया जाना है
ist dabei,To be translated,अनुवाद किया जाना है
ist eingezogen,To be translated,अनुवाद किया जाना है
ist einverstanden,To be translated,अनुवाद किया जाना है
ist erkältet,To be translated,अनुवाद किया जाना है
ist fertig,To be translated,अनुवाद किया जाना है
ist fit gewesen,To be translated,अनुवाद किया जाना है
ist geblieben,To be translated,अनुवाद किया जाना है
ist gegangen,To be translated,अनुवाद किया जाना है
ist gekommen,To be translated,अनुवाद किया जाना है
ist gelaufen,To be translated,अनुवाद किया जाना है
ist geschwommen,To be translated,अनुवाद किया जाना है
ist gestorben,To be translated,अनुवाद किया जाना है
ist gewandert,To be translated,अनुवाद किया जाना है
ist gewesen,To be translated,अनुवाद किया जाना है
ist geworden,To be translated,अनुवाद किया जाना है
ist gültig gewesen,To be translated,अनुवाद किया जाना है
ist passiert,To be translated,अनुवाद किया जाना है
ist umgestiegen,To be translated,अनुवाद किया जाना है
ist unterwegs,To be translated,अनुवाद किया जाना है
ist verreist,To be translated,अनुवाद किया जाना है
ist/hat gejoggt,To be translated,अनुवाद किया जाना है
Ja,Yes,हाँ
Januar,January,जनवरी
jede,every / each (f),हर
jeder,everyone / each (m),हर कोई
jedes,every / each (n),हर
jemand,someone,कोई
jetzt,now,अभी
joggen,to jog,जॉगिंग करना
Juli,July,जुलाई
jung,young,जवान
Juni,June,जून
kalt,cold,ठंडा
kaputt,broken 💔,टूटा हुआ
kaufen,to buy,खरीदना
kein,no / not any,कोई नहीं
Kein Problem,No problem,कोई बात नहीं
Keine Ahnung,No idea,पता नहीं
keinen Fall,To be translated,अनुवाद किया जाना है
kennen,to know (person/place),जानना (व्यक्ति)
kennenlernen,To be translated,अनुवाद किया जाना है
khaki,khaki,खाकी
klappen,To be translated,अनुवाद किया जाना है
klettern,to climb,चढ़ना
klicken,to click,क्लिक करना
klingeln,to ring,बजना
Klub,To be translated,अनुवाद किया जाना है
kochen,to cook 👨‍🍳,पकाना
kommen,to come,आना
kommt an,To be translated,अनुवाद किया जाना है
kontaktlos bezahlen,contactless payment,कॉन्टैक्टलेस पेमेंट
kontrollieren,To be translated,अनुवाद किया जाना है
kontrolliert,To be translated,अनुवाद किया जाना है
Kopfschmerzen,headache 🤕,सिरदर्द
kopieren,to copy,कॉपी करना
koralle,coral,मूंगा रंग
korrigieren,to correct,सुधारना
kosten,to cost,कीमत होना
krank,sick / ill 🤒,बीमार
kurz,short,छोटा
können,can / to be able to,सकना
kühl,cool,ठंडा (हल्का)
kündigen,to quit / resign,इस्तीफा देना
lachen,to laugh 😂,हँसना
lachsfarben,salmon,सैल्मन रंग
lang,long,लंबा
lange,To be translated,अनुवाद किया जाना है
langsam,slow 🐢,धीमा
"Langsam, bitte","Slowly, please",धीरे बोलिए
langweilig,boring / bored 😑,उबाऊ / बोर
lassen,To be translated,अनुवाद किया जाना है
laufen,to walk / run,चलना / दौड़ना
laufen),To be translated,अनुवाद किया जाना है
laut,loud 🔊,तेज़ (आवाज़)
lecker,delicious 😋,स्वादिष्ट
ledig,single (unmarried),अविवाहित
leer,empty,खाली
legen,to lay / put,रखना
leicht,To be translated,अनुवाद किया जाना है
leider,To be translated,अनुवाद किया जाना है
leidtun/leid tun,To be translated,अनुवाद किया जाना है
leihen,To be translated,अनुवाद किया जाना है
leise,To be translated,अनुवाद किया जाना है
lernen,to learn 📖,सीखना
lernt kennen,To be translated,अनुवाद किया जाना है
lesen,to read,पढ़ना
letzt-,To be translated,अनुवाद किया जाना है
lieb,dear / sweet 💕,प्यारा
lieb-,To be translated,अनुवाद किया जाना है
lieben,to love ❤️,प्यार करना
Lieblings-,To be translated,अनुवाद किया जाना है
liefern,To be translated,अनुवाद किया जाना है
liegen,to lie (down),लेटना
links,left ⬅️,बाएँ
live,live,लाइव
lustig,funny 😄,मज़ेदार
lächeln,to smile 😊,मुस्कुराना
Länder und Nationalitäten,To be translated,अनुवाद किया जाना है
löschen,to delete,डिलीट करना
lügen,To be translated,अनुवाद किया जाना है
machen,to do / make,करना / बनाना
machen/-helfen),To be translated,अनुवाद किया जाना है
Macht nichts,No matter,कोई बात नहीं
Mai,May,मई
mal / das Mal,To be translated,अनुवाद किया जाना है
malen,to paint,पेंट करना
man,one / people (general),लोग / कोई
manch-,To be translated,अनुवाद किया जाना है
manchmal,To be translated,अनुवाद किया जाना है
marineblau,navy blue,नेवी नीला
mehr,To be translated,अनुवाद किया जाना है
meinen,To be translated,अनुवाद किया जाना है
meiner Meinung nach,in my opinion,मेरी राय में
meist-,To be translated,अनुवाद किया जाना है
meistens,mostly / usually,ज्यादातर
meldet an,To be translated,अनुवाद किया जाना है
merken,To be translated,अनुवाद किया जाना है
miauen,to meow,म्याऊं करना
mich,me (accusative),मुझे
mieten,to rent,किराए पर लेना
mindestens,To be translated,अनुवाद किया जाना है
mintgrün,mint green,पुदीना हरा
mir,to me (dative),मुझे
Mir geht es gut,I'm fine,मैं ठीक हूँ
mischen,to mix,मिलाना
mit,with,के साथ
mit Eis,with ice 🧊,बर्फ़ के साथ
mit Frühstück,with breakfast,नाश्ते सहित
mit Milch,with milk,दूध के साथ
mit Zucker,with sugar,चीनी के साथ
mitnehmen,to take along,साथ ले जाना
Mittwoch,Wednesday,बुधवार
mochte,To be translated,अनुवाद किया जाना है
modern,To be translated,अनुवाद किया जाना है
Moment mal,Wait a moment,एक मिनट
monatlich,monthly,मासिक
Montag,Monday,सोमवार
morgen früh,tomorrow morning,कल सुबह
männlich,To be translated,अनुवाद किया जाना है
März,March,मार्च
möchten,would like,चाहूँगा/चाहूँगी
mögen,to like,पसंद करना
möglich,possible,संभव
müde,tired 😴,थका हुआ
müssen,must / have to,करना पड़ना
nach,after / past,बाद
nach Hause,to home (going),घर की ओर
nach Hause kommen,to come home,घर आना
nass,wet,गीला
natürlich,of course / naturally,बेशक
Natürlich!,Of course!,बिल्कुल!
neben,next to / beside,के बगल में
nebenan,To be translated,अनुवाद किया जाना है
neblig,foggy,धुंधला
nehmen,to take,लेना
Nein,No,नहीं
nennen,To be translated,अनुवाद किया जाना है
nervös,nervous 😬,घबराया हुआ
nett,nice / kind,अच्छा / दयालु
neu,new 🆕,नया
Neujahr,New Year 🎊,नया साल
nicht,not ❌,नहीं
Nicht so gut,Not so good,इतना अच्छा नहीं
nicht zustimmen,to disagree,असहमत होना
nichts,To be translated,अनुवाद किया जाना है
nie,To be translated,अनुवाद किया जाना है
niedrig,low,नीचा
niemand,no one,कोई नहीं
nirgends,To be translated,अनुवाद किया जाना है
nirgendwo,nowhere,कहीं नहीं
noch,still / yet,अभी भी
"Noch einmal, bitte","Once more, please",एक बार और
Noch etwas?,Anything else?,और कुछ?
normal,To be translated,अनुवाद किया जाना है
notieren,To be translated,अनुवाद किया जाना है
notwendig,To be translated,अनुवाद किया जाना है
November,November,नवंबर
nur,only,केवल
nächste,To be translated,अनुवाद किया जाना है
nähen,to sew,सिलाई
nützlich,To be translated,अनुवाद किया जाना है
ob,whether / if,क्या / अगर
oben,above / up ⬆️,ऊपर
oder,or,या
offen,open,खुला
oft,To be translated,अनुवाद किया जाना है
ohne,without,के बिना
ohne Milch,without milk,बिना दूध
ohne Zucker,without sugar,बिना चीनी
Oktober,October,अक्टूबर
olivgrün,olive green,जैतून हरा
online,To be translated,अनुवाद किया जाना है
organisieren,To be translated,अनुवाद किया जाना है
organisiert,To be translated,अनुवाद किया जाना है
Ostern,Easter 🐰,ईस्टर
packen,To be translated,अनुवाद किया जाना है
packt ein,To be translated,अनुवाद किया जाना है
parken,To be translated,अनुवाद किया जाना है
passen,to fit,फिट होना
passieren,To be translated,अनुवाद किया जाना है
passiert,To be translated,अनुवाद किया जाना है
passt auf,To be translated,अनुवाद किया जाना है
peinlich,embarrassing,शर्मनाक
planen,to plan,योजना बनाना
plötzlich,To be translated,अनुवाद किया जाना है
praktisch,To be translated,अनुवाद किया जाना है
preiswert,To be translated,अनुवाद किया जाना है
Prima!,Great!,उत्तम!
privat,To be translated,अनुवाद किया जाना है
pro,To be translated,अनुवाद किया जाना है
probieren,to try on,ट्राय करना
probiert,To be translated,अनुवाद किया जाना है
Prost!,Cheers!,चीयर्स!
protestieren,to protest,विरोध करना
prüfen,To be translated,अनुवाद किया जाना है
putzen,to clean,साफ करना
pünktlich,on time / punctual,समय पर
raten,To be translated,अनुवाद किया जाना है
rauchen,To be translated,अनुवाद किया जाना है
rechnen,To be translated,अनुवाद किया जाना है
recht haben,To be translated,अनुवाद किया जाना है
rechts,right ➡️,दाएँ
recyceln,to recycle,रीसाइकल करना
reden,To be translated,अनुवाद किया जाना है
reduziert,reduced / on sale,कम कीमत पर
regelmäßig,regularly,नियमित
regnen,to rain,बरसना
regnerisch,rainy,बारिश वाला
reich,To be translated,अनुवाद किया जाना है
reisen,To be translated,अनुवाद किया जाना है
reiten,To be translated,अनुवाद किया जाना है
renovieren,To be translated,अनुवाद किया जाना है
reparieren,To be translated,अनुवाद किया जाना है
reservieren,to reserve,आरक्षित करना
reserviert,To be translated,अनुवाद किया जाना है
reservierte,To be translated,अनुवाद किया जाना है
richtig,correct / right ✓,सही
Richtig!,Right!,सही!
riechen,to smell 👃,सूँघना
romantisch,To be translated,अनुवाद किया जाना है
rostbraun,rust brown,जंग रंग
rot,red 🔴,लाल
rufen,to call (out),पुकारना
ruhig,calm / quiet,शांत
ruht aus,To be translated,अनुवाद किया जाना है
rund,To be translated,अनुवाद किया जाना है
Rückenschmerzen,back pain,पीठ दर्द
rühren,to stir,हिलाना
sagen,to say,कहना
salzig,salty 🧂,नमकीन
sammeln,to collect,इकट्ठा करना
sammelt,To be translated,अनुवाद किया जाना है
Samstag,Saturday,शनिवार
satt,full (after eating),पेट भरा
sauber,clean ✨,साफ
sauer,sour 🍋,खट्टा
schade,To be translated,अनुवाद किया जाना है
Schade!,Too bad!,अफ़सोस!
schaffen,To be translated,अनुवाद किया जाना है
scharf,spicy / sharp 🌶️,तीखा
scheinen,To be translated,अनुवाद किया जाना है
schenken,to give (gift),उपहार देना
schicken,to send 📧,भेजना
schimpfen,To be translated,अनुवाद किया जाना है
schimpft,To be translated,अनुवाद किया जाना है
schlafen,to sleep 😴,सोना
schlafen gehen,to go to sleep,सोने जाना
schlecht,bad / unwell,बुरा / खराब
schlechte Laune,bad mood,खराब मूड
schließen,to close,बंद करना
schließt,To be translated,अनुवाद किया जाना है
schließt ab,To be translated,अनुवाद किया जाना है
schlimm,To be translated,अनुवाद किया जाना है
schmecken,to taste 👅,स्वाद लेना
schmeckt,To be translated,अनुवाद किया जाना है
schmutzig,dirty,गंदा
schneiden,to cut ✂️,काटना
schneiden (sich),To be translated,अनुवाद किया जाना है
schneidet,To be translated,अनुवाद किया जाना है
schneien,to snow,बर्फ गिरना
schnell,fast / quick ⚡,तेज़
schon,already,पहले से
schrecklich,terrible,भयानक
schreiben,To be translated,अनुवाद किया जाना है
schriftlich,To be translated,अनुवाद किया जाना है
schwach,To be translated,अनुवाद किया जाना है
schwanger,To be translated,अनुवाद किया जाना है
schwarz,black ⚫,काला
schwer,difficult / heavy,मुश्किल / भारी
schwierig,difficult,कठिन
schwimmen,to swim,तैरना
schwimmen gehen,to go swimming,तैराकी करने जाना
schädlich,To be translated,अनुवाद किया जाना है
schön,beautiful / nice ✨,सुंदर
Schönes Wochenende!,Have a nice weekend!,अच्छा वीकेंड!
schützen,to protect,संरक्षण करना
sehen,to see 👁️,देखना
sehr,very,बहुत
sein,To be translated,अनुवाद किया जाना है
seit,since / for (duration),से (समय से)
selbst,self / oneself,खुद / स्वयं
selten,rarely / seldom,कभी-कभार
September,September,सितंबर
setzen,to set / put (down),बिठाना
setzen (sich),To be translated,अनुवाद किया जाना है
setzt,To be translated,अनुवाद किया जाना है
setzung,To be translated,अनुवाद किया जाना है
sich,himself/herself/itself/themselves,खुद को / अपने आप
sich anmelden,to register,पंजीकरण करना
sich anziehen,to get dressed,कपड़े पहनना
sich ausruhen,to rest,आराम करना
sich ausziehen,to undress,कपड़े उतारना
sich beeilen,to hurry,जल्दी करना
sich bewerben,to apply (for job),आवेदन करना
sich rasieren,to shave,शेव करना
sich schminken,to put on makeup,मेकअप करना
sich streiten,to argue,झगड़ा करना
sich umziehen,to change clothes,कपड़े बदलना
sich versöhnen,to make up,सुलह करना
sicher,To be translated,अनुवाद किया जाना है
Sicher!,Sure!,ज़रूर!
sie,she 👩,वह (महिला)
sieht aus,To be translated,अनुवाद किया जाना है
Silvester,New Year's Eve 🎆,नए साल की पूर्व संध्या
singen,to sing 🎤,गाना
sitzen,to sit,बैठना
so,To be translated,अनुवाद किया जाना है
sofort,To be translated,अनुवाद किया जाना है
sogar,To be translated,अनुवाद किया जाना है
solche,such,ऐसा / ऐसी
sollen,should / ought to,चाहिए
sollte,To be translated,अनुवाद किया जाना है
sondern,but rather,बल्कि
sonnig,sunny,धूप वाला
Sonntag,Sunday,रविवार
sonst,To be translated,अनुवाद किया जाना है
spannend,exciting,रोमांचक
sparen,to save (money),बचाना
spazieren gehen,To be translated,अनुवाद किया जाना है
speichern,to save,सेव करना
spielen,to play 🎮,खेलना
spielen (Instrument),to play (instrument),बजाना
spielt,To be translated,अनुवाद किया जाना है
sportlich,To be translated,अनुवाद किया जाना है
sprechen,to speak,बोलना
Sprechen Sie Deutsch?,Do you speak German?,क्या आप जर्मन बोलते हैं?
spät,late,देर से
später,later,बाद में
stark,To be translated,अनुवाद किया जाना है
stattfinden,To be translated,अनुवाद किया जाना है
stehen,to stand,खड़ा होना
steigt aus,To be translated,अनुवाद किया जाना है
steigt ein,To be translated,अनुवाद किया जाना है
stellen,to put / place (standing),रखना (खड़ा)
stellt vor,To be translated,अनुवाद किया जाना है
sterben,To be translated,अनुवाद किया जाना है
stilles Wasser,still water (no gas),सादा पानी
Stimmt das?,Is that correct?,क्या यह सही है?
Stimmt!,That's right!,सही है!
stolz,proud,गर्वित
streamen,to stream,स्ट्रीम करना
streiten (sich),To be translated,अनुवाद किया जाना है
streng,To be translated,अनुवाद किया जाना है
stressig,To be translated,अनुवाद किया जाना है
stricken,to knit,बुनाई
studieren,to study (uni),पढ़ाई करना
stören,To be translated,अनुवाद किया जाना है
stürmisch,stormy,तूफानी
suchen,to look for / search,ढूँढना
super,super / great,सुपर
Super!,Super!,बढ़िया!
surfen,To be translated,अनुवाद किया जाना है
surfen im Internet,to surf the internet,इंटरनेट सर्फ करना
sympathisch,To be translated,अनुवाद किया जाना है
süß,sweet,मीठा
tanken,to refuel,पेट्रोल भरवाना
tanzen,to dance 💃,नाचना
tauscht (aus),To be translated,अनुवाद किया जाना है
teilen,To be translated,अनुवाद किया जाना है
teilnehmen,To be translated,अनुवाद किया जाना है
Teilzeit,part-time,अंशकालिक
telefonieren,to phone,फोन पर बात करना
teuer,To be translated,अनुवाद किया जाना है
tief,To be translated,अनुवाद किया जाना है
toll,great / awesome 🎉,शानदार
Toll!,Great!,बहुत अच्छा!
tot,dead,मृत
total,To be translated,अनुवाद किया जाना है
tragen,to wear,पहनना
trainieren,to train,प्रशिक्षण लेना
traurig,sad 😢,उदास
treffen,to meet,मिलना
treffen (sich),To be translated,अनुवाद किया जाना है
trifft,To be translated,अनुवाद किया जाना है
trinken,to drink,पीना
trocken,dry,सूखा
trägt ein,To be translated,अनुवाद किया जाना है
träumen,to dream,सपना देखना
träumt,To be translated,अनुवाद किया जाना है
tschüs,To be translated,अनुवाद किया जाना है
Tschüss,Bye,बाय
tun,To be translated,अनुवाद किया जाना है
tung,To be translated,अनुवाद किया जाना है
typisch,typical,आम / सामान्य
täglich,daily,रोज़ाना
türkis,turquoise,फ़िरोज़ी
um,at (time) / around,बजे / के आसपास
um ... Uhr,at ... o'clock,... बजे
um wie viel Uhr,at what time,कितने बजे
umsteigen,to change / transfer,बदलना (गाड़ी)
umtauschen,to exchange,बदलना / एक्सचेंज करना
umziehen,to move (house),घर बदलना
unbedingt,To be translated,अनुवाद किया जाना है
und,and 🔗,और
ungesund,unhealthy,अस्वस्थ
uns,us (accusative),हमें
unser,our,हमारा
unten,below / down ⬇️,नीचे
unter,under,के नीचे
unterhalten (sich),To be translated,अनुवाद किया जाना है
unterhält,To be translated,अनुवाद किया जाना है
unternehmen,To be translated,अनुवाद किया जाना है
unterschreiben,To be translated,अनुवाद किया जाना है
untersuchen,To be translated,अनुवाद किया जाना है
untersucht,To be translated,अनुवाद किया जाना है
unterwegs sein,To be translated,अनुवाद किया जाना है
vegan,vegan,शुद्ध शाकाहारी
vegetarisch,vegetarian,शाकाहारी
verabreden (sich),to arrange to meet,मुलाकात तय करना
verabredet sein,To be translated,अनुवाद किया जाना है
verbieten /,To be translated,अनुवाद किया जाना है
verboten sein,To be translated,अनुवाद किया जाना है
verdienen,to earn,कमाना
vereinbaren,To be translated,अनुवाद किया जाना है
vergessen,To be translated,अनुवाद किया जाना है
vergisst,To be translated,अनुवाद किया जाना है
vergleichen,To be translated,अनुवाद किया जाना है
vergleicht,To be translated,अनुवाद किया जाना है
verheiratet,married 💍,विवाहित
verkaufen,to sell,बेचना
verlaufen (sich),to get lost,रास्ता भूल जाना
verletzen (sich),To be translated,अनुवाद किया जाना है
verletzt,To be translated,अनुवाद किया जाना है
verlieben (sich),To be translated,अनुवाद किया जाना है
verliebt,in love 😍,प्यार में
verliebt sein,to be in love,प्यार में होना
verlieren,to lose,खोना
verliert,To be translated,अनुवाद किया जाना है
verlobt,engaged,सगाई किया हुआ
vermieten,To be translated,अनुवाद किया जाना है
verpassen,To be translated,अनुवाद किया जाना है
verreisen,To be translated,अनुवाद किया जाना है
verreist,To be translated,अनुवाद किया जाना है
verschieben,To be translated,अनुवाद किया जाना है
verschieden,To be translated,अनुवाद किया जाना है
verspätet,late/delayed,देर से
verstehen,to understand,समझना
Verstehen Sie?,Do you understand?,क्या आप समझे?
versteht,To be translated,अनुवाद किया जाना है
versuchen,to try,कोशिश करना
versucht,To be translated,अनुवाद किया जाना है
verwitwet,widowed,विधवा/विधुर
verzweifelt,desperate,निराश
viel,To be translated,अनुवाद किया जाना है
Viel Glück,Good luck,शुभकामनाएं
Viel Spaß,Have fun,मज़े करो
Vielen Dank,Many thanks,बहुत धन्यवाद
vielleicht,To be translated,अनुवाद किया जाना है
Viertel,quarter,पौने / सवा
Viertel nach,quarter past,सवा
Viertel vor,quarter to,पौने
voll,full,भरा हुआ
Vollzeit,full-time,पूर्णकालिक
von,from / of,से / का
vor,before / to,पहले
vorbei,To be translated,अनुवाद किया जाना है
vorbereiten,To be translated,अनुवाद किया जाना है
vorgestern,day before yesterday,परसों (बीता हुआ)
vorher,To be translated,अनुवाद किया जाना है
vorn(e),To be translated,अनुवाद किया जाना है
vorne,in front,आगे
vorschlagen,to suggest,सुझाव देना
Vorsicht!,Careful!,सावधान!
vorsichtig,To be translated,अनुवाद किया जाना है
vorstellen (sich),To be translated,अनुवाद किया जाना है
Vorwort,To be translated,अनुवाद किया जाना है
vorwärts,To be translated,अनुवाद किया जाना है
wach,To be translated,अनुवाद किया जाना है
wahr,To be translated,अनुवाद किया जाना है
wahrscheinlich,probably,संभवतः
wandern,to hike,हाइकिंग करना
wann,when,कब
war dabei,To be translated,अनुवाद किया जाना है
war fit,To be translated,अनुवाद किया जाना है
warm,warm,गर्म
warten,to wait,इंतज़ार करना
wartet,To be translated,अनुवाद किया जाना है
warum,why,क्यों
was,what,क्या
was für,what kind of,किस तरह का
Was ist los?,What's up?,क्या हुआ?
Was kochst du?,What are you cooking?,तुम क्या पका रहे हो?
Was machst du?,What do you do? / What are you doing?,तुम क्या करते हो?
waschen,to wash,धोना
waschen (sich),To be translated,अनुवाद किया जाना है
Wasser mit Kohlensäure,sparkling water,सोडा वाटर
wechseln,to change (money),बदलना
weg sein,To be translated,अनुवाद किया जाना है
wehtun,to hurt,दर्द होना
Weihnachten,Christmas 🎄,क्रिसमस
weil,because,क्योंकि
weinen,to cry 😭,रोना
weinrot,wine red / burgundy,बरगंडी / वाइन लाल
weit,loose / wide,ढीला
weiß,white ⚪,सफ़ेद
welche,which (f/pl),कौन सी
welcher,which (m),कौन सा
welches,which (n),कौन सा
wenigstens,at least,कम से कम
wenn,if / when,अगर / जब
wer,who ❓,कौन
wer (wen,To be translated,अनुवाद किया जाना है
werden,to become,बनना
wichtig,important ⭐,महत्वपूर्ण
wie,how,कैसे
wie alt,how old,कितने साल का
Wie bitte?,Pardon?,क्या कहा?
Wie geht's?,How are you?,कैसे हो?
wie groß,how tall / big,कितना बड़ा
Wie heißt du?,What's your name? (informal),तुम्हारा नाम क्या है?
wie lange,how long (duration),कितनी देर
wie oft,how often,कितनी बार
wie spät,what time,क्या समय
wie viel,how much,कितना
wie viele,how many,कितने
Wie viele Zimmer?,How many rooms?,कितने कमरे?
wie weit,how far,कितना दूर
wieder,again,फिर से
wiederholen,to repeat,दोहराना
willkommen,To be translated,अनुवाद किया जाना है
windig,windy,हवादार
wir,we 👥,हम
wirklich,really,सच में
wissen,to know (fact),जानना (तथ्य)
witzig,funny,मजेदार
wo,where,कहाँ
Wo wohnst du?,Where do you live?,तुम कहाँ रहते हो?
woher,where from,कहाँ से
Woher kommst du?,Where are you from?,तुम कहाँ से हो?
wohin,where to,कहाँ को
wohnen,to live (reside),रहना
wolkig,cloudy,बादल वाला
wollen,to want,चाहना
Wortgruppen,To be translated,अनुवाद किया जाना है
wunderbar,wonderful,शानदार
wählen,to vote,वोट देना
wöchentlich,weekly,साप्ताहिक
wünschen,to wish,शुभकामना देना
würdigkeit,To be translated,अनुवाद किया जाना है
würzig,spicy,मसालेदार
wütend,furious / angry,क्रोधित
zahlen,to pay,देना (पैसे)
Zahnschmerzen,toothache,दाँत दर्द
zeichnen,to draw,ड्रॉ करना
zeigen,to show,दिखाना
zieht (an/aus),To be translated,अनुवाद किया जाना है
zieht ein,To be translated,अनुवाद किया जाना है
ziemlich,quite / fairly,काफी
zu,to (place/person),को / की ओर
zu Hause,at home,घर पर
zu sein,To be translated,अनुवाद किया जाना है
zuerst,first,पहले
zufrieden,satisfied / content,संतुष्ट
zuhören,to listen,सुनना
zuletzt,lastly / finally,अंत में
zum Beispiel,To be translated,अनुवाद किया जाना है
zumachen,to close,बंद करना
zunehmen,to gain weight,वज़न बढ़ना
zur Arbeit gehen,to go to work,काम पर जाना
zurzeit,currently,वर्तमान में
zurück,To be translated,अनुवाद किया जाना है
zurück-,To be translated,अनुवाद किया जाना है
zurückgeben,to return,वापस करना
zusammen,together,साथ
zustimmen,to agree,सहमत होना
zwischen,between,के बीच
ändern,To be translated,अनुवाद किया जाना है
ängstlich,scared / anxious 😰,डरा हुआ
ärgern (sich),To be translated,अनुवाद किया जाना है
ärgert,To be translated,अनुवाद किया जाना है
öffnen,to open,खोलना
üben,to practice,अभ्यास करना
über,over / above,के ऊपर
überall,everywhere,हर जगह
übermorgen,day after tomorrow,परसों (आने वाला)
übernachten,To be translated,अनुवाद किया जाना है
überrascht,surprised 😮,हैरान
übersetzen,To be translated,अनुवाद किया जाना है
überweisen,To be translated,अनुवाद किया जाना है
überweist,To be translated,अनुवाद किया जाना है
übrigens,by the way,वैसे
